Unmaned:0,Date,Value,Anomaly,state
0,196004,49.6,-3.2,Alabama
1,196104,51.9,-0.9,Alabama
2,196204,52.2,-0.6,Alabama
3,196304,51.3,-1.5,Alabama
4,196404,51,-1.8,Alabama
5,196504,52.6,-0.2,Alabama
6,196604,50.8,-2,Alabama
7,196704,54.1,1.3,Alabama
8,196804,49.5,-3.3,Alabama
9,196904,50.2,-2.6,Alabama
10,197004,50.2,-2.6,Alabama
11,197104,50.5,-2.3,Alabama
12,197204,53.7,0.9,Alabama
13,197304,52,-0.8,Alabama
14,197404,56.2,3.4,Alabama
15,197504,53.7,0.9,Alabama
16,197604,53.6,0.8,Alabama
17,197704,50.2,-2.6,Alabama
18,197804,47.4,-5.4,Alabama
19,197904,50.2,-2.6,Alabama
20,198004,50.7,-2.1,Alabama
21,198104,51.4,-1.4,Alabama
22,198204,52.6,-0.2,Alabama
23,198304,49.6,-3.2,Alabama
24,198404,50.9,-1.9,Alabama
25,198504,51.4,-1.4,Alabama
26,198604,53.1,0.3,Alabama
27,198704,51.8,-1,Alabama
28,198804,50.8,-2,Alabama
29,198904,54.3,1.5,Alabama
30,199004,56,3.2,Alabama
31,199104,54.8,2,Alabama
32,199204,53,0.2,Alabama
33,199304,51.4,-1.4,Alabama
34,199404,52.9,0.1,Alabama
35,199504,53.6,0.8,Alabama
36,199604,50.4,-2.4,Alabama
37,199704,54.2,1.4,Alabama
38,199804,53,0.2,Alabama
39,199904,55.3,2.5,Alabama
40,200004,54.5,1.7,Alabama
41,200104,52.5,-0.3,Alabama
42,200204,53.6,0.8,Alabama
43,200304,52.2,-0.6,Alabama
44,200404,52.5,-0.3,Alabama
45,200504,53.7,0.9,Alabama
46,200604,55.2,2.4,Alabama
47,200704,52.9,0.1,Alabama
48,200804,52.6,-0.2,Alabama
49,200904,53.1,0.3,Alabama
50,201004,49,-3.8,Alabama
51,201104,53.5,0.7,Alabama
52,196004,46.9,-1,Arizona
53,196104,48.8,0.9,Arizona
54,196204,47.5,-0.4,Arizona
55,196304,47.4,-0.5,Arizona
56,196404,43.9,-4,Arizona
57,196504,46.9,-1,Arizona
58,196604,46.6,-1.3,Arizona
59,196704,47.8,-0.1,Arizona
60,196804,48,0.1,Arizona
61,196904,47.7,-0.2,Arizona
62,197004,46.9,-1,Arizona
63,197104,47.8,-0.1,Arizona
64,197204,50.8,2.9,Arizona
65,197304,44.5,-3.4,Arizona
66,197404,47.7,-0.2,Arizona
67,197504,45,-2.9,Arizona
68,197604,48.1,0.2,Arizona
69,197704,47.6,-0.3,Arizona
70,197804,49.1,1.2,Arizona
71,197904,45.8,-2.1,Arizona
72,198004,48.9,1,Arizona
73,198104,50.7,2.8,Arizona
74,198204,48.2,0.3,Arizona
75,198304,47,-0.9,Arizona
76,198404,48.2,0.3,Arizona
77,198504,48.1,0.2,Arizona
78,198604,52,4.1,Arizona
79,198704,48.1,0.2,Arizona
80,198804,48.7,0.8,Arizona
81,198904,51.2,3.3,Arizona
82,199004,48.8,0.9,Arizona
83,199104,47.8,-0.1,Arizona
84,199204,49.5,1.6,Arizona
85,199304,49.6,1.7,Arizona
86,199404,49.4,1.5,Arizona
87,199504,49.8,1.9,Arizona
88,199604,51.5,3.6,Arizona
89,199704,49.5,1.6,Arizona
90,199804,46.9,-1,Arizona
91,199904,49.9,2,Arizona
92,200004,51.7,3.8,Arizona
93,200104,48.5,0.6,Arizona
94,200204,50.1,2.2,Arizona
95,200304,50.1,2.2,Arizona
96,200404,50.2,2.3,Arizona
97,200504,49.6,1.7,Arizona
98,200604,49.8,1.9,Arizona
99,200704,49.9,2,Arizona
100,200804,48.7,0.8,Arizona
101,200904,50.3,2.4,Arizona
102,201004,48,0.1,Arizona
103,201104,48.9,1,Arizona
104,196004,47.8,0.2,California
105,196104,48.8,1.2,California
106,196204,47,-0.6,California
107,196304,47.2,-0.4,California
108,196404,45.9,-1.7,California
109,196504,47.6,0,California
110,196604,47.7,0.1,California
111,196704,45.8,-1.8,California
112,196804,49.1,1.5,California
113,196904,46.2,-1.4,California
114,197004,48.1,0.5,California
115,197104,46.9,-0.7,California
116,197204,48.8,1.2,California
117,197304,46.2,-1.4,California
118,197404,46.9,-0.7,California
119,197504,44.9,-2.7,California
120,197604,47.1,-0.5,California
121,197704,48,0.4,California
122,197804,49,1.4,California
123,197904,46.6,-1,California
124,198004,49.1,1.5,California
125,198104,49.9,2.3,California
126,198204,46.6,-1,California
127,198304,47.4,-0.2,California
128,198404,49.1,1.5,California
129,198504,47.9,0.3,California
130,198604,51.5,3.9,California
131,198704,48.9,1.3,California
132,198804,49.5,1.9,California
133,198904,48.9,1.3,California
134,199004,48.9,1.3,California
135,199104,48.2,0.6,California
136,199204,50.5,2.9,California
137,199304,48.4,0.8,California
138,199404,49.6,2,California
139,199504,49.5,1.9,California
140,199604,50.7,3.1,California
141,199704,50.2,2.6,California
142,199804,47.4,-0.2,California
143,199904,47.2,-0.4,California
144,200004,50.3,2.7,California
145,200104,47.5,-0.1,California
146,200204,48.8,1.2,California
147,200304,49.3,1.7,California
148,200404,50.5,2.9,California
149,200504,48.8,1.2,California
150,200604,47.3,-0.3,California
151,200704,49.7,2.1,California
152,200804,47.9,0.3,California
153,200904,48.9,1.3,California
154,201004,48,0.4,California
155,201104,47.7,0.1,California
156,196004,29.6,-2.2,Colorado
157,196104,32.2,0.4,Colorado
158,196204,30.9,-0.9,Colorado
159,196304,31.7,-0.1,Colorado
160,196404,28.3,-3.5,Colorado
161,196504,30.6,-1.2,Colorado
162,196604,30.2,-1.6,Colorado
163,196704,34.6,2.8,Colorado
164,196804,31.3,-0.5,Colorado
165,196904,32.3,0.5,Colorado
166,197004,31.3,-0.5,Colorado
167,197104,32,0.2,Colorado
168,197204,35,3.2,Colorado
169,197304,28.8,-3,Colorado
170,197404,31.2,-0.6,Colorado
171,197504,30,-1.8,Colorado
172,197604,33.1,1.3,Colorado
173,197704,32.4,0.6,Colorado
174,197804,32.7,0.9,Colorado
175,197904,29.2,-2.6,Colorado
176,198004,31.2,-0.6,Colorado
177,198104,36.1,4.3,Colorado
178,198204,31.7,-0.1,Colorado
179,198304,32.3,0.5,Colorado
180,198404,28.8,-3,Colorado
181,198504,31.4,-0.4,Colorado
182,198604,37.2,5.4,Colorado
183,198704,33.2,1.4,Colorado
184,198804,30.8,-1,Colorado
185,198904,33.2,1.4,Colorado
186,199004,34,2.2,Colorado
187,199104,32.8,1,Colorado
188,199204,35.7,3.9,Colorado
189,199304,31.8,0,Colorado
190,199404,33.7,1.9,Colorado
191,199504,34.4,2.6,Colorado
192,199604,33.2,1.4,Colorado
193,199704,32.2,0.4,Colorado
194,199804,33.1,1.3,Colorado
195,199904,35.6,3.8,Colorado
196,200004,36.6,4.8,Colorado
197,200104,33.7,1.9,Colorado
198,200204,33,1.2,Colorado
199,200304,35,3.2,Colorado
200,200404,34.7,2.9,Colorado
201,200504,35,3.2,Colorado
202,200604,35,3.2,Colorado
203,200704,32.7,0.9,Colorado
204,200804,30.8,-1,Colorado
205,200904,34.9,3.1,Colorado
206,201004,32.4,0.6,Colorado
207,201104,32.2,0.4,Colorado
208,196004,34.1,0.8,Connecticut
209,196104,31.8,-1.5,Connecticut
210,196204,33.1,-0.2,Connecticut
211,196304,31.9,-1.4,Connecticut
212,196404,33.6,0.3,Connecticut
213,196504,31.5,-1.8,Connecticut
214,196604,33.1,-0.2,Connecticut
215,196704,32.4,-0.9,Connecticut
216,196804,32.7,-0.6,Connecticut
217,196904,33.2,-0.1,Connecticut
218,197004,30.9,-2.4,Connecticut
219,197104,31.4,-1.9,Connecticut
220,197204,32,-1.3,Connecticut
221,197304,36.2,2.9,Connecticut
222,197404,34.6,1.3,Connecticut
223,197504,33.8,0.5,Connecticut
224,197604,35.4,2.1,Connecticut
225,197704,32.9,-0.4,Connecticut
226,197804,30.1,-3.2,Connecticut
227,197904,32.7,-0.6,Connecticut
228,198004,33.5,0.2,Connecticut
229,198104,34.1,0.8,Connecticut
230,198204,31.2,-2.1,Connecticut
231,198304,35.5,2.2,Connecticut
232,198404,33.5,0.2,Connecticut
233,198504,34.7,1.4,Connecticut
234,198604,34.9,1.6,Connecticut
235,198704,34.6,1.3,Connecticut
236,198804,33.3,0,Connecticut
237,198904,34.7,1.4,Connecticut
238,199004,38.2,4.9,Connecticut
239,199104,37.4,4.1,Connecticut
240,199204,34,0.7,Connecticut
241,199304,33.2,-0.1,Connecticut
242,199404,31.4,-1.9,Connecticut
243,199504,35.7,2.4,Connecticut
244,199604,33.1,-0.2,Connecticut
245,199704,35.5,2.2,Connecticut
246,199804,39.1,5.8,Connecticut
247,199904,36.1,2.8,Connecticut
248,200004,36,2.7,Connecticut
249,200104,34.3,1,Connecticut
250,200204,39,5.7,Connecticut
251,200304,31.4,-1.9,Connecticut
252,200404,33.3,0,Connecticut
253,200504,33.9,0.6,Connecticut
254,200604,37.2,3.9,Connecticut
255,200704,33.6,0.3,Connecticut
256,200804,36.4,3.1,Connecticut
257,200904,34.3,1,Connecticut
258,201004,38,4.7,Connecticut
259,201104,34.1,0.8,Connecticut
260,196004,40.3,-0.3,Delaware
261,196104,39.2,-1.4,Delaware
262,196204,39.8,-0.8,Delaware
263,196304,39.5,-1.1,Delaware
264,196404,40.4,-0.2,Delaware
265,196504,38.5,-2.1,Delaware
266,196604,38.8,-1.8,Delaware
267,196704,40.3,-0.3,Delaware
268,196804,39.3,-1.3,Delaware
269,196904,39.4,-1.2,Delaware
270,197004,37.6,-3,Delaware
271,197104,39,-1.6,Delaware
272,197204,40.2,-0.4,Delaware
273,197304,42.1,1.5,Delaware
274,197404,43,2.4,Delaware
275,197504,41,0.4,Delaware
276,197604,43.6,3,Delaware
277,197704,40.3,-0.3,Delaware
278,197804,36.3,-4.3,Delaware
279,197904,38.6,-2,Delaware
280,198004,39.5,-1.1,Delaware
281,198104,40.6,0,Delaware
282,198204,38.5,-2.1,Delaware
283,198304,41.4,0.8,Delaware
284,198404,39.4,-1.2,Delaware
285,198504,41.6,1,Delaware
286,198604,40.9,0.3,Delaware
287,198704,39.8,-0.8,Delaware
288,198804,39.9,-0.7,Delaware
289,198904,41.9,1.3,Delaware
290,199004,46,5.4,Delaware
291,199104,44.3,3.7,Delaware
292,199204,41.7,1.1,Delaware
293,199304,40.5,-0.1,Delaware
294,199404,40.5,-0.1,Delaware
295,199504,42.6,2,Delaware
296,199604,40.1,-0.5,Delaware
297,199704,42.9,2.3,Delaware
298,199804,46,5.4,Delaware
299,199904,43,2.4,Delaware
300,200004,43.4,2.8,Delaware
301,200104,41.7,1.1,Delaware
302,200204,46.1,5.5,Delaware
303,200304,39.7,-0.9,Delaware
304,200404,41.4,0.8,Delaware
305,200504,41.4,0.8,Delaware
306,200604,45,4.4,Delaware
307,200704,41.5,0.9,Delaware
308,200804,44.2,3.6,Delaware
309,200904,41.9,1.3,Delaware
310,201004,42.6,2,Delaware
311,201104,42.6,2,Delaware
312,196004,60.8,-1.8,Florida
313,196104,62.3,-0.3,Florida
314,196204,62.8,0.2,Florida
315,196304,61.9,-0.7,Florida
316,196404,61.9,-0.7,Florida
317,196504,63.6,1,Florida
318,196604,60.7,-1.9,Florida
319,196704,63.9,1.3,Florida
320,196804,60.3,-2.3,Florida
321,196904,60.2,-2.4,Florida
322,197004,60.8,-1.8,Florida
323,197104,61.4,-1.2,Florida
324,197204,64.3,1.7,Florida
325,197304,62.2,-0.4,Florida
326,197404,66,3.4,Florida
327,197504,65.4,2.8,Florida
328,197604,62.8,0.2,Florida
329,197704,60.5,-2.1,Florida
330,197804,58.8,-3.8,Florida
331,197904,61.3,-1.3,Florida
332,198004,61.8,-0.8,Florida
333,198104,60.3,-2.3,Florida
334,198204,64.9,2.3,Florida
335,198304,60,-2.6,Florida
336,198404,61.5,-1.1,Florida
337,198504,62.2,-0.4,Florida
338,198604,62.4,-0.2,Florida
339,198704,61.3,-1.3,Florida
340,198804,61.1,-1.5,Florida
341,198904,65.6,3,Florida
342,199004,66.1,3.5,Florida
343,199104,65.8,3.2,Florida
344,199204,62.5,-0.1,Florida
345,199304,62.5,-0.1,Florida
346,199404,64.7,2.1,Florida
347,199504,63.1,0.5,Florida
348,199604,60.9,-1.7,Florida
349,199704,65.6,3,Florida
350,199804,63.1,0.5,Florida
351,199904,64.5,1.9,Florida
352,200004,63.7,1.1,Florida
353,200104,63.1,0.5,Florida
354,200204,64.8,2.2,Florida
355,200304,63.2,0.6,Florida
356,200404,62.3,-0.3,Florida
357,200504,62.6,0,Florida
358,200604,64.1,1.5,Florida
359,200704,63.5,0.9,Florida
360,200804,63.9,1.3,Florida
361,200904,62.4,-0.2,Florida
362,201004,58.5,-4.1,Florida
363,201104,64.1,1.5,Florida
364,196004,50.4,-2.9,Georgia
365,196104,52.5,-0.8,Georgia
366,196204,52.9,-0.4,Georgia
367,196304,52.1,-1.2,Georgia
368,196404,51.5,-1.8,Georgia
369,196504,53.3,0,Georgia
370,196604,50.9,-2.4,Georgia
371,196704,54.8,1.5,Georgia
372,196804,50.5,-2.8,Georgia
373,196904,50.6,-2.7,Georgia
374,197004,51.3,-2,Georgia
375,197104,51.5,-1.8,Georgia
376,197204,54.3,1,Georgia
377,197304,52.7,-0.6,Georgia
378,197404,57.5,4.2,Georgia
379,197504,54.6,1.3,Georgia
380,197604,54.5,1.2,Georgia
381,197704,51,-2.3,Georgia
382,197804,48.9,-4.4,Georgia
383,197904,51.5,-1.8,Georgia
384,198004,51.7,-1.6,Georgia
385,198104,52,-1.3,Georgia
386,198204,53.6,0.3,Georgia
387,198304,50.5,-2.8,Georgia
388,198404,52.1,-1.2,Georgia
389,198504,52.7,-0.6,Georgia
390,198604,54.2,0.9,Georgia
391,198704,51.7,-1.6,Georgia
392,198804,51.5,-1.8,Georgia
393,198904,55.7,2.4,Georgia
394,199004,57,3.7,Georgia
395,199104,55.9,2.6,Georgia
396,199204,53.7,0.4,Georgia
397,199304,52.1,-1.2,Georgia
398,199404,54.2,0.9,Georgia
399,199504,54.3,1,Georgia
400,199604,51.4,-1.9,Georgia
401,199704,55.7,2.4,Georgia
402,199804,54,0.7,Georgia
403,199904,55.5,2.2,Georgia
404,200004,54.4,1.1,Georgia
405,200104,53.7,0.4,Georgia
406,200204,55.3,2,Georgia
407,200304,53.2,-0.1,Georgia
408,200404,53.1,-0.2,Georgia
409,200504,53.7,0.4,Georgia
410,200604,55.6,2.3,Georgia
411,200704,54.2,0.9,Georgia
412,200804,53.5,0.2,Georgia
413,200904,53.1,-0.2,Georgia
414,201004,50.1,-3.2,Georgia
415,201104,54.1,0.8,Georgia
416,196004,28.6,-1.9,Idaho
417,196104,32.8,2.3,Idaho
418,196204,29,-1.5,Idaho
419,196304,31.2,0.7,Idaho
420,196404,26.2,-4.3,Idaho
421,196504,31.2,0.7,Idaho
422,196604,30.8,0.3,Idaho
423,196704,31.7,1.2,Idaho
424,196804,31.8,1.3,Idaho
425,196904,29.9,-0.6,Idaho
426,197004,31.3,0.8,Idaho
427,197104,30.4,-0.1,Idaho
428,197204,31,0.5,Idaho
429,197304,29.7,-0.8,Idaho
430,197404,30.5,0,Idaho
431,197504,27.6,-2.9,Idaho
432,197604,29.2,-1.3,Idaho
433,197704,30.9,0.4,Idaho
434,197804,33.9,3.4,Idaho
435,197904,27.7,-2.8,Idaho
436,198004,32.3,1.8,Idaho
437,198104,34.3,3.8,Idaho
438,198204,28.3,-2.2,Idaho
439,198304,33.2,2.7,Idaho
440,198404,28.7,-1.8,Idaho
441,198504,26.8,-3.7,Idaho
442,198604,34.4,3.9,Idaho
443,198704,33.5,3,Idaho
444,198804,32.2,1.7,Idaho
445,198904,29.5,-1,Idaho
446,199004,33.5,3,Idaho
447,199104,32,1.5,Idaho
448,199204,36.8,6.3,Idaho
449,199304,29.1,-1.4,Idaho
450,199404,33.8,3.3,Idaho
451,199504,33.4,2.9,Idaho
452,199604,31.8,1.3,Idaho
453,199704,31,0.5,Idaho
454,199804,33.2,2.7,Idaho
455,199904,31.7,1.2,Idaho
456,200004,34.4,3.9,Idaho
457,200104,31.2,0.7,Idaho
458,200204,29.7,-0.8,Idaho
459,200304,33.9,3.4,Idaho
460,200404,33.3,2.8,Idaho
461,200504,33.2,2.7,Idaho
462,200604,31.9,1.4,Idaho
463,200704,33.4,2.9,Idaho
464,200804,28.5,-2,Idaho
465,200904,31.2,0.7,Idaho
466,201004,33.1,2.6,Idaho
467,201104,29.5,-1,Idaho
468,196004,33.6,-2.9,Illinois
469,196104,36.7,0.2,Illinois
470,196204,33.9,-2.6,Illinois
471,196304,34.1,-2.4,Illinois
472,196404,37.9,1.4,Illinois
473,196504,34.7,-1.8,Illinois
474,196604,35.1,-1.4,Illinois
475,196704,37.9,1.4,Illinois
476,196804,36.2,-0.3,Illinois
477,196904,35.2,-1.3,Illinois
478,197004,33.8,-2.7,Illinois
479,197104,34.9,-1.6,Illinois
480,197204,35.3,-1.2,Illinois
481,197304,39.4,2.9,Illinois
482,197404,38.7,2.2,Illinois
483,197504,35.4,-1.1,Illinois
484,197604,40.1,3.6,Illinois
485,197704,35.5,-1,Illinois
486,197804,29.8,-6.7,Illinois
487,197904,29.7,-6.8,Illinois
488,198004,33.7,-2.8,Illinois
489,198104,38.7,2.2,Illinois
490,198204,31.9,-4.6,Illinois
491,198304,37.7,1.2,Illinois
492,198404,35.3,-1.2,Illinois
493,198504,36,-0.5,Illinois
494,198604,38.9,2.4,Illinois
495,198704,40,3.5,Illinois
496,198804,35.5,-1,Illinois
497,198904,37.2,0.7,Illinois
498,199004,41.8,5.3,Illinois
499,199104,39.4,2.9,Illinois
500,199204,40.5,4,Illinois
501,199304,35.2,-1.3,Illinois
502,199404,35.3,-1.2,Illinois
503,199504,37.3,0.8,Illinois
504,199604,34.5,-2,Illinois
505,199704,36.4,-0.1,Illinois
506,199804,41.3,4.8,Illinois
507,199904,38.8,2.3,Illinois
508,200004,40.6,4.1,Illinois
509,200104,37.8,1.3,Illinois
510,200204,39.9,3.4,Illinois
511,200304,36.1,-0.4,Illinois
512,200404,38.6,2.1,Illinois
513,200504,39.9,3.4,Illinois
514,200604,42,5.5,Illinois
515,200704,37.6,1.1,Illinois
516,200804,35.8,-0.7,Illinois
517,200904,37,0.5,Illinois
518,201004,37.4,0.9,Illinois
519,201104,36.9,0.4,Illinois
520,196004,34.4,-2.1,Indiana
521,196104,36.4,-0.1,Indiana
522,196204,34.6,-1.9,Indiana
523,196304,33.7,-2.8,Indiana
524,196404,37.6,1.1,Indiana
525,196504,35,-1.5,Indiana
526,196604,35.2,-1.3,Indiana
527,196704,37.4,0.9,Indiana
528,196804,35.4,-1.1,Indiana
529,196904,35.3,-1.2,Indiana
530,197004,33.7,-2.8,Indiana
531,197104,34.2,-2.3,Indiana
532,197204,35.4,-1.1,Indiana
533,197304,39.4,2.9,Indiana
534,197404,38.7,2.2,Indiana
535,197504,36.2,-0.3,Indiana
536,197604,40,3.5,Indiana
537,197704,34.6,-1.9,Indiana
538,197804,29.2,-7.3,Indiana
539,197904,31.1,-5.4,Indiana
540,198004,33.5,-3,Indiana
541,198104,37.2,0.7,Indiana
542,198204,32.3,-4.2,Indiana
543,198304,38,1.5,Indiana
544,198404,34.5,-2,Indiana
545,198504,36.2,-0.3,Indiana
546,198604,38.7,2.2,Indiana
547,198704,38.9,2.4,Indiana
548,198804,35.4,-1.1,Indiana
549,198904,37.9,1.4,Indiana
550,199004,42,5.5,Indiana
551,199104,39.6,3.1,Indiana
552,199204,39.7,3.2,Indiana
553,199304,35.7,-0.8,Indiana
554,199404,35.1,-1.4,Indiana
555,199504,37.8,1.3,Indiana
556,199604,34.5,-2,Indiana
557,199704,36.8,0.3,Indiana
558,199804,42,5.5,Indiana
559,199904,38.4,1.9,Indiana
560,200004,39.8,3.3,Indiana
561,200104,38.5,2,Indiana
562,200204,40.3,3.8,Indiana
563,200304,35.7,-0.8,Indiana
564,200404,38,1.5,Indiana
565,200504,39,2.5,Indiana
566,200604,41.8,5.3,Indiana
567,200704,37.2,0.7,Indiana
568,200804,36.7,0.2,Indiana
569,200904,37.3,0.8,Indiana
570,201004,37.6,1.1,Indiana
571,201104,37.4,0.9,Indiana
572,196004,26.8,-4,Iowa
573,196104,31,0.2,Iowa
574,196204,26.8,-4,Iowa
575,196304,29.2,-1.6,Iowa
576,196404,33.1,2.3,Iowa
577,196504,26.3,-4.5,Iowa
578,196604,29.2,-1.6,Iowa
579,196704,32.1,1.3,Iowa
580,196804,32.9,2.1,Iowa
581,196904,28.4,-2.4,Iowa
582,197004,28.2,-2.6,Iowa
583,197104,28.6,-2.2,Iowa
584,197204,28.3,-2.5,Iowa
585,197304,33.7,2.9,Iowa
586,197404,32.3,1.5,Iowa
587,197504,27.5,-3.3,Iowa
588,197604,35.3,4.5,Iowa
589,197704,32.3,1.5,Iowa
590,197804,24.7,-6.1,Iowa
591,197904,22.9,-7.9,Iowa
592,198004,30.1,-0.7,Iowa
593,198104,36,5.2,Iowa
594,198204,26.1,-4.7,Iowa
595,198304,32.7,1.9,Iowa
596,198404,31,0.2,Iowa
597,198504,31.8,1,Iowa
598,198604,33.7,2.9,Iowa
599,198704,37.9,7.1,Iowa
600,198804,30.2,-0.6,Iowa
601,198904,31.6,0.8,Iowa
602,199004,36.3,5.5,Iowa
603,199104,33.3,2.5,Iowa
604,199204,36.1,5.3,Iowa
605,199304,28.1,-2.7,Iowa
606,199404,28.7,-2.1,Iowa
607,199504,31.4,0.6,Iowa
608,199604,28.7,-2.1,Iowa
609,199704,30.3,-0.5,Iowa
610,199804,35.2,4.4,Iowa
611,199904,34.1,3.3,Iowa
612,200004,36.7,5.9,Iowa
613,200104,30.5,-0.3,Iowa
614,200204,34.6,3.8,Iowa
615,200304,31.3,0.5,Iowa
616,200404,33.1,2.3,Iowa
617,200504,34.9,4.1,Iowa
618,200604,37,6.2,Iowa
619,200704,31.4,0.6,Iowa
620,200804,28.1,-2.7,Iowa
621,200904,31,0.2,Iowa
622,201004,31.1,0.3,Iowa
623,201104,30,-0.8,Iowa
624,196004,35.2,-4.3,Kansas
625,196104,39.9,0.4,Kansas
626,196204,38,-1.5,Kansas
627,196304,40.1,0.6,Kansas
628,196404,40.3,0.8,Kansas
629,196504,38.3,-1.2,Kansas
630,196604,38,-1.5,Kansas
631,196704,42.8,3.3,Kansas
632,196804,40.4,0.9,Kansas
633,196904,37.7,-1.8,Kansas
634,197004,38.3,-1.2,Kansas
635,197104,38,-1.5,Kansas
636,197204,41.1,1.6,Kansas
637,197304,39.5,0,Kansas
638,197404,41.1,1.6,Kansas
639,197504,37.8,-1.7,Kansas
640,197604,43.5,4,Kansas
641,197704,40.8,1.3,Kansas
642,197804,34.4,-5.1,Kansas
643,197904,34,-5.5,Kansas
644,198004,37.2,-2.3,Kansas
645,198104,44.1,4.6,Kansas
646,198204,37,-2.5,Kansas
647,198304,38.8,-0.7,Kansas
648,198404,38.5,-1,Kansas
649,198504,38.9,-0.6,Kansas
650,198604,45,5.5,Kansas
651,198704,42.5,3,Kansas
652,198804,38.3,-1.2,Kansas
653,198904,40.5,1,Kansas
654,199004,42.6,3.1,Kansas
655,199104,42.6,3.1,Kansas
656,199204,45.1,5.6,Kansas
657,199304,36,-3.5,Kansas
658,199404,39.8,0.3,Kansas
659,199504,41,1.5,Kansas
660,199604,38.6,-0.9,Kansas
661,199704,39.7,0.2,Kansas
662,199804,40.6,1.1,Kansas
663,199904,42.7,3.2,Kansas
664,200004,43.6,4.1,Kansas
665,200104,40.2,0.7,Kansas
666,200204,41.3,1.8,Kansas
667,200304,40.9,1.4,Kansas
668,200404,41.6,2.1,Kansas
669,200504,42.2,2.7,Kansas
670,200604,45.3,5.8,Kansas
671,200704,40.1,0.6,Kansas
672,200804,39,-0.5,Kansas
673,200904,41.9,2.4,Kansas
674,201004,39.8,0.3,Kansas
675,201104,39.2,-0.3,Kansas
676,196004,39.3,-3.4,Kentucky
677,196104,41.9,-0.8,Kentucky
678,196204,41.1,-1.6,Kentucky
679,196304,40.7,-2,Kentucky
680,196404,42.6,-0.1,Kentucky
681,196504,41.7,-1,Kentucky
682,196604,40.5,-2.2,Kentucky
683,196704,44.5,1.8,Kentucky
684,196804,39.9,-2.8,Kentucky
685,196904,40.5,-2.2,Kentucky
686,197004,39.8,-2.9,Kentucky
687,197104,40.2,-2.5,Kentucky
688,197204,42.5,-0.2,Kentucky
689,197304,43.7,1,Kentucky
690,197404,46.1,3.4,Kentucky
691,197504,42.7,0,Kentucky
692,197604,45.1,2.4,Kentucky
693,197704,40.1,-2.6,Kentucky
694,197804,35.9,-6.8,Kentucky
695,197904,38.7,-4,Kentucky
696,198004,39.5,-3.2,Kentucky
697,198104,42,-0.7,Kentucky
698,198204,40.8,-1.9,Kentucky
699,198304,41.9,-0.8,Kentucky
700,198404,41,-1.7,Kentucky
701,198504,41.1,-1.6,Kentucky
702,198604,44.4,1.7,Kentucky
703,198704,43.1,0.4,Kentucky
704,198804,41.3,-1.4,Kentucky
705,198904,44.1,1.4,Kentucky
706,199004,47.4,4.7,Kentucky
707,199104,45.2,2.5,Kentucky
708,199204,44.8,2.1,Kentucky
709,199304,41.8,-0.9,Kentucky
710,199404,41.9,-0.8,Kentucky
711,199504,43.6,0.9,Kentucky
712,199604,40.3,-2.4,Kentucky
713,199704,43.3,0.6,Kentucky
714,199804,46.1,3.4,Kentucky
715,199904,44.8,2.1,Kentucky
716,200004,45.2,2.5,Kentucky
717,200104,43.6,0.9,Kentucky
718,200204,45.2,2.5,Kentucky
719,200304,42.1,-0.6,Kentucky
720,200404,43.6,0.9,Kentucky
721,200504,44.9,2.2,Kentucky
722,200604,46.4,3.7,Kentucky
723,200704,43.7,1,Kentucky
724,200804,42.9,0.2,Kentucky
725,200904,43.3,0.6,Kentucky
726,201004,41.7,-1,Kentucky
727,201104,44,1.3,Kentucky
728,196004,53.3,-3.5,Louisiana
729,196104,55.8,-1,Louisiana
730,196204,56,-0.8,Louisiana
731,196304,55.6,-1.2,Louisiana
732,196404,55.2,-1.6,Louisiana
733,196504,56.7,-0.1,Louisiana
734,196604,54.4,-2.4,Louisiana
735,196704,57.8,1,Louisiana
736,196804,53.6,-3.2,Louisiana
737,196904,54.9,-1.9,Louisiana
738,197004,54.5,-2.3,Louisiana
739,197104,55.8,-1,Louisiana
740,197204,58.4,1.6,Louisiana
741,197304,55.1,-1.7,Louisiana
742,197404,59.4,2.6,Louisiana
743,197504,57.6,0.8,Louisiana
744,197604,58.2,1.4,Louisiana
745,197704,54.4,-2.4,Louisiana
746,197804,51.1,-5.7,Louisiana
747,197904,53.9,-2.9,Louisiana
748,198004,55,-1.8,Louisiana
749,198104,56,-0.8,Louisiana
750,198204,56.4,-0.4,Louisiana
751,198304,53.6,-3.2,Louisiana
752,198404,55.1,-1.7,Louisiana
753,198504,55.6,-1.2,Louisiana
754,198604,58,1.2,Louisiana
755,198704,55.3,-1.5,Louisiana
756,198804,54.9,-1.9,Louisiana
757,198904,57.3,0.5,Louisiana
758,199004,59.5,2.7,Louisiana
759,199104,58,1.2,Louisiana
760,199204,57.3,0.5,Louisiana
761,199304,55.2,-1.6,Louisiana
762,199404,56.6,-0.2,Louisiana
763,199504,57.7,0.9,Louisiana
764,199604,55.1,-1.7,Louisiana
765,199704,57.1,0.3,Louisiana
766,199804,57.2,0.4,Louisiana
767,199904,60.2,3.4,Louisiana
768,200004,59.7,2.9,Louisiana
769,200104,56.9,0.1,Louisiana
770,200204,57.1,0.3,Louisiana
771,200304,55.4,-1.4,Louisiana
772,200404,57.1,0.3,Louisiana
773,200504,58.2,1.4,Louisiana
774,200604,59.8,3,Louisiana
775,200704,56.9,0.1,Louisiana
776,200804,57.5,0.7,Louisiana
777,200904,58,1.2,Louisiana
778,201004,53.3,-3.5,Louisiana
779,201104,58,1.2,Louisiana
780,196004,24.9,1.8,Maine
781,196104,21.4,-1.7,Maine
782,196204,22.5,-0.6,Maine
783,196304,21.7,-1.4,Maine
784,196404,24.7,1.6,Maine
785,196504,22,-1.1,Maine
786,196604,25.1,2,Maine
787,196704,20.8,-2.3,Maine
788,196804,22.5,-0.6,Maine
789,196904,24.2,1.1,Maine
790,197004,22.1,-1,Maine
791,197104,21.4,-1.7,Maine
792,197204,20.7,-2.4,Maine
793,197304,26.1,3,Maine
794,197404,22.9,-0.2,Maine
795,197504,22.7,-0.4,Maine
796,197604,23.6,0.5,Maine
797,197704,23.9,0.8,Maine
798,197804,21.2,-1.9,Maine
799,197904,24.9,1.8,Maine
800,198004,24.3,1.2,Maine
801,198104,26.2,3.1,Maine
802,198204,20.2,-2.9,Maine
803,198304,27,3.9,Maine
804,198404,24.3,1.2,Maine
805,198504,23.2,0.1,Maine
806,198604,25.5,2.4,Maine
807,198704,25.1,2,Maine
808,198804,24.2,1.1,Maine
809,198904,22.8,-0.3,Maine
810,199004,26.4,3.3,Maine
811,199104,25.6,2.5,Maine
812,199204,22.6,-0.5,Maine
813,199304,21.7,-1.4,Maine
814,199404,20.3,-2.8,Maine
815,199504,24.3,1.2,Maine
816,199604,23.8,0.7,Maine
817,199704,22.9,-0.2,Maine
818,199804,28.3,5.2,Maine
819,199904,26.8,3.7,Maine
820,200004,26,2.9,Maine
821,200104,23.1,0,Maine
822,200204,27.1,4,Maine
823,200304,20.3,-2.8,Maine
824,200404,23.2,0.1,Maine
825,200504,24.3,1.2,Maine
826,200604,28.2,5.1,Maine
827,200704,22.9,-0.2,Maine
828,200804,25.4,2.3,Maine
829,200904,23.7,0.6,Maine
830,201004,31.1,8,Maine
831,201104,24.5,1.4,Maine
832,196004,39.6,-0.6,Maryland
833,196104,38.8,-1.4,Maryland
834,196204,39.2,-1,Maryland
835,196304,38.7,-1.5,Maryland
836,196404,40.1,-0.1,Maryland
837,196504,38.4,-1.8,Maryland
838,196604,38.4,-1.8,Maryland
839,196704,40.5,0.3,Maryland
840,196804,38.9,-1.3,Maryland
841,196904,39,-1.2,Maryland
842,197004,37.2,-3,Maryland
843,197104,38.4,-1.8,Maryland
844,197204,39.8,-0.4,Maryland
845,197304,41.7,1.5,Maryland
846,197404,42.9,2.7,Maryland
847,197504,40.3,0.1,Maryland
848,197604,43.3,3.1,Maryland
849,197704,39.7,-0.5,Maryland
850,197804,35.7,-4.5,Maryland
851,197904,37.8,-2.4,Maryland
852,198004,39,-1.2,Maryland
853,198104,40.1,-0.1,Maryland
854,198204,38,-2.2,Maryland
855,198304,40.7,0.5,Maryland
856,198404,39,-1.2,Maryland
857,198504,41.2,1,Maryland
858,198604,40.5,0.3,Maryland
859,198704,40,-0.2,Maryland
860,198804,39.4,-0.8,Maryland
861,198904,41.5,1.3,Maryland
862,199004,45.7,5.5,Maryland
863,199104,43.7,3.5,Maryland
864,199204,41.6,1.4,Maryland
865,199304,39.9,-0.3,Maryland
866,199404,39.6,-0.6,Maryland
867,199504,41.7,1.5,Maryland
868,199604,39.2,-1,Maryland
869,199704,42.2,2,Maryland
870,199804,45.2,5,Maryland
871,199904,42,1.8,Maryland
872,200004,43.1,2.9,Maryland
873,200104,41.3,1.1,Maryland
874,200204,45.2,5,Maryland
875,200304,39.2,-1,Maryland
876,200404,40.6,0.4,Maryland
877,200504,41.2,1,Maryland
878,200604,44.5,4.3,Maryland
879,200704,40.7,0.5,Maryland
880,200804,43.3,3.1,Maryland
881,200904,41.1,0.9,Maryland
882,201004,42,1.8,Maryland
883,201104,41.9,1.7,Maryland
884,196004,32.6,0.6,Massachusetts
885,196104,30.2,-1.8,Massachusetts
886,196204,31.6,-0.4,Massachusetts
887,196304,30.7,-1.3,Massachusetts
888,196404,32.3,0.3,Massachusetts
889,196504,30.2,-1.8,Massachusetts
890,196604,31.9,-0.1,Massachusetts
891,196704,30.9,-1.1,Massachusetts
892,196804,31.3,-0.7,Massachusetts
893,196904,32.4,0.4,Massachusetts
894,197004,29.7,-2.3,Massachusetts
895,197104,29.9,-2.1,Massachusetts
896,197204,30.5,-1.5,Massachusetts
897,197304,34.9,2.9,Massachusetts
898,197404,33.3,1.3,Massachusetts
899,197504,32.1,0.1,Massachusetts
900,197604,34.1,2.1,Massachusetts
901,197704,31.9,-0.1,Massachusetts
902,197804,29.1,-2.9,Massachusetts
903,197904,31.6,-0.4,Massachusetts
904,198004,32.2,0.2,Massachusetts
905,198104,32.9,0.9,Massachusetts
906,198204,29.8,-2.2,Massachusetts
907,198304,34.4,2.4,Massachusetts
908,198404,32.3,0.3,Massachusetts
909,198504,32.9,0.9,Massachusetts
910,198604,33.8,1.8,Massachusetts
911,198704,32.6,0.6,Massachusetts
912,198804,32.1,0.1,Massachusetts
913,198904,33,1,Massachusetts
914,199004,36.3,4.3,Massachusetts
915,199104,35.9,3.9,Massachusetts
916,199204,32.4,0.4,Massachusetts
917,199304,31.5,-0.5,Massachusetts
918,199404,30.1,-1.9,Massachusetts
919,199504,34.3,2.3,Massachusetts
920,199604,31.9,-0.1,Massachusetts
921,199704,33.8,1.8,Massachusetts
922,199804,37.5,5.5,Massachusetts
923,199904,34.9,2.9,Massachusetts
924,200004,34.8,2.8,Massachusetts
925,200104,32.7,0.7,Massachusetts
926,200204,37.6,5.6,Massachusetts
927,200304,29.8,-2.2,Massachusetts
928,200404,32.1,0.1,Massachusetts
929,200504,32.6,0.6,Massachusetts
930,200604,36.1,4.1,Massachusetts
931,200704,32.4,0.4,Massachusetts
932,200804,34.8,2.8,Massachusetts
933,200904,33,1,Massachusetts
934,201004,36.8,4.8,Massachusetts
935,201104,32.8,0.8,Massachusetts
936,196004,26.5,-0.5,Michigan
937,196104,27.9,0.9,Michigan
938,196204,25.2,-1.8,Michigan
939,196304,23.8,-3.2,Michigan
940,196404,29.6,2.6,Michigan
941,196504,24.6,-2.4,Michigan
942,196604,27.3,0.3,Michigan
943,196704,27.2,0.2,Michigan
944,196804,28.3,1.3,Michigan
945,196904,27.7,0.7,Michigan
946,197004,25,-2,Michigan
947,197104,25.2,-1.8,Michigan
948,197204,24,-3,Michigan
949,197304,30.9,3.9,Michigan
950,197404,27.3,0.3,Michigan
951,197504,26.9,-0.1,Michigan
952,197604,29.5,2.5,Michigan
953,197704,27.5,0.5,Michigan
954,197804,23.2,-3.8,Michigan
955,197904,23.7,-3.3,Michigan
956,198004,26.4,-0.6,Michigan
957,198104,29.2,2.2,Michigan
958,198204,23.6,-3.4,Michigan
959,198304,30.4,3.4,Michigan
960,198404,27.6,0.6,Michigan
961,198504,28.4,1.4,Michigan
962,198604,29.4,2.4,Michigan
963,198704,32.4,5.4,Michigan
964,198804,26.9,-0.1,Michigan
965,198904,27.3,0.3,Michigan
966,199004,32.4,5.4,Michigan
967,199104,30.7,3.7,Michigan
968,199204,29.3,2.3,Michigan
969,199304,27.2,0.2,Michigan
970,199404,24.4,-2.6,Michigan
971,199504,28.6,1.6,Michigan
972,199604,24.8,-2.2,Michigan
973,199704,27.8,0.8,Michigan
974,199804,33.8,6.8,Michigan
975,199904,30.3,3.3,Michigan
976,200004,31.8,4.8,Michigan
977,200104,30.3,3.3,Michigan
978,200204,31.4,4.4,Michigan
979,200304,25.9,-1.1,Michigan
980,200404,28.9,1.9,Michigan
981,200504,29.2,2.2,Michigan
982,200604,33.1,6.1,Michigan
983,200704,29,2,Michigan
984,200804,28.4,1.4,Michigan
985,200904,27.6,0.6,Michigan
986,201004,32.8,5.8,Michigan
987,201104,27.3,0.3,Michigan
988,196004,19.6,-1.7,Minnesota
989,196104,23.7,2.4,Minnesota
990,196204,18.5,-2.8,Minnesota
991,196304,20.7,-0.6,Minnesota
992,196404,23.9,2.6,Minnesota
993,196504,16,-5.3,Minnesota
994,196604,18.3,-3,Minnesota
995,196704,19.9,-1.4,Minnesota
996,196804,23.6,2.3,Minnesota
997,196904,20,-1.3,Minnesota
998,197004,17.7,-3.6,Minnesota
999,197104,19.7,-1.6,Minnesota
1000,197204,16.9,-4.4,Minnesota
1001,197304,26.3,5,Minnesota
1002,197404,20.7,-0.6,Minnesota
1003,197504,18.8,-2.5,Minnesota
1004,197604,25,3.7,Minnesota
1005,197704,23.9,2.6,Minnesota
1006,197804,18.1,-3.2,Minnesota
1007,197904,14.6,-6.7,Minnesota
1008,198004,21.7,0.4,Minnesota
1009,198104,27.6,6.3,Minnesota
1010,198204,17.2,-4.1,Minnesota
1011,198304,26.1,4.8,Minnesota
1012,198404,24.5,3.2,Minnesota
1013,198504,23.8,2.5,Minnesota
1014,198604,24.9,3.6,Minnesota
1015,198704,31.5,10.2,Minnesota
1016,198804,20.8,-0.5,Minnesota
1017,198904,19.9,-1.4,Minnesota
1018,199004,27.5,6.2,Minnesota
1019,199104,25.3,4,Minnesota
1020,199204,27.1,5.8,Minnesota
1021,199304,21.4,0.1,Minnesota
1022,199404,19,-2.3,Minnesota
1023,199504,22.7,1.4,Minnesota
1024,199604,17.2,-4.1,Minnesota
1025,199704,20.6,-0.7,Minnesota
1026,199804,29.3,8,Minnesota
1027,199904,26.5,5.2,Minnesota
1028,200004,27.9,6.6,Minnesota
1029,200104,22.6,1.3,Minnesota
1030,200204,25.5,4.2,Minnesota
1031,200304,22.3,1,Minnesota
1032,200404,24.1,2.8,Minnesota
1033,200504,25.5,4.2,Minnesota
1034,200604,28.8,7.5,Minnesota
1035,200704,23.8,2.5,Minnesota
1036,200804,20.3,-1,Minnesota
1037,200904,21.3,0,Minnesota
1038,201004,26.9,5.6,Minnesota
1039,201104,20.9,-0.4,Minnesota
1040,196004,49.5,-3.7,Mississippi
1041,196104,52.4,-0.8,Mississippi
1042,196204,52.3,-0.9,Mississippi
1043,196304,51.7,-1.5,Mississippi
1044,196404,51.8,-1.4,Mississippi
1045,196504,52.6,-0.6,Mississippi
1046,196604,51.1,-2.1,Mississippi
1047,196704,54.3,1.1,Mississippi
1048,196804,49.8,-3.4,Mississippi
1049,196904,51,-2.2,Mississippi
1050,197004,50.6,-2.6,Mississippi
1051,197104,51.3,-1.9,Mississippi
1052,197204,54.3,1.1,Mississippi
1053,197304,52.2,-1,Mississippi
1054,197404,55.8,2.6,Mississippi
1055,197504,53.9,0.7,Mississippi
1056,197604,54.6,1.4,Mississippi
1057,197704,50.8,-2.4,Mississippi
1058,197804,47.4,-5.8,Mississippi
1059,197904,50.1,-3.1,Mississippi
1060,198004,50.8,-2.4,Mississippi
1061,198104,52.6,-0.6,Mississippi
1062,198204,52.6,-0.6,Mississippi
1063,198304,50.2,-3,Mississippi
1064,198404,51.2,-2,Mississippi
1065,198504,51.5,-1.7,Mississippi
1066,198604,54,0.8,Mississippi
1067,198704,52.3,-0.9,Mississippi
1068,198804,51.1,-2.1,Mississippi
1069,198904,53.9,0.7,Mississippi
1070,199004,56.2,3,Mississippi
1071,199104,54.6,1.4,Mississippi
1072,199204,53.7,0.5,Mississippi
1073,199304,51.6,-1.6,Mississippi
1074,199404,53,-0.2,Mississippi
1075,199504,54.2,1,Mississippi
1076,199604,51.1,-2.1,Mississippi
1077,199704,53.9,0.7,Mississippi
1078,199804,53.9,0.7,Mississippi
1079,199904,56.2,3,Mississippi
1080,200004,55.4,2.2,Mississippi
1081,200104,53,-0.2,Mississippi
1082,200204,53.8,0.6,Mississippi
1083,200304,52,-1.2,Mississippi
1084,200404,53.2,0,Mississippi
1085,200504,54.6,1.4,Mississippi
1086,200604,55.8,2.6,Mississippi
1087,200704,53.6,0.4,Mississippi
1088,200804,53.2,0,Mississippi
1089,200904,54,0.8,Mississippi
1090,201004,49.7,-3.5,Mississippi
1091,201104,54.2,1,Mississippi
1092,196004,36.7,-3.6,Missouri
1093,196104,40.4,0.1,Missouri
1094,196204,37.8,-2.5,Missouri
1095,196304,39.3,-1,Missouri
1096,196404,41.6,1.3,Missouri
1097,196504,39,-1.3,Missouri
1098,196604,39,-1.3,Missouri
1099,196704,42.8,2.5,Missouri
1100,196804,39.7,-0.6,Missouri
1101,196904,38.7,-1.6,Missouri
1102,197004,38.1,-2.2,Missouri
1103,197104,38.9,-1.4,Missouri
1104,197204,41,0.7,Missouri
1105,197304,41.3,1,Missouri
1106,197404,42.6,2.3,Missouri
1107,197504,39.2,-1.1,Missouri
1108,197604,44.2,3.9,Missouri
1109,197704,39.6,-0.7,Missouri
1110,197804,33.9,-6.4,Missouri
1111,197904,34,-6.3,Missouri
1112,198004,38,-2.3,Missouri
1113,198104,43.2,2.9,Missouri
1114,198204,37.2,-3.1,Missouri
1115,198304,40.3,0,Missouri
1116,198404,39.4,-0.9,Missouri
1117,198504,39.1,-1.2,Missouri
1118,198604,43.8,3.5,Missouri
1119,198704,43.4,3.1,Missouri
1120,198804,39.2,-1.1,Missouri
1121,198904,41,0.7,Missouri
1122,199004,44.9,4.6,Missouri
1123,199104,43.1,2.8,Missouri
1124,199204,44.6,4.3,Missouri
1125,199304,38,-2.3,Missouri
1126,199404,40,-0.3,Missouri
1127,199504,41.3,1,Missouri
1128,199604,38.4,-1.9,Missouri
1129,199704,40.2,-0.1,Missouri
1130,199804,42.9,2.6,Missouri
1131,199904,43.1,2.8,Missouri
1132,200004,44.5,4.2,Missouri
1133,200104,41.1,0.8,Missouri
1134,200204,42.6,2.3,Missouri
1135,200304,40,-0.3,Missouri
1136,200404,41.9,1.6,Missouri
1137,200504,43.4,3.1,Missouri
1138,200604,45.6,5.3,Missouri
1139,200704,41.6,1.3,Missouri
1140,200804,39.3,-1,Missouri
1141,200904,41.5,1.2,Missouri
1142,201004,39.9,-0.4,Missouri
1143,201104,40.5,0.2,Missouri
1144,196004,25.3,-1.7,Montana
1145,196104,31.8,4.8,Montana
1146,196204,25.9,-1.1,Montana
1147,196304,28.2,1.2,Montana
1148,196404,28.5,1.5,Montana
1149,196504,24.4,-2.6,Montana
1150,196604,25.3,-1.7,Montana
1151,196704,27.5,0.5,Montana
1152,196804,29.2,2.2,Montana
1153,196904,22.4,-4.6,Montana
1154,197004,25.5,-1.5,Montana
1155,197104,26.4,-0.6,Montana
1156,197204,26,-1,Montana
1157,197304,29.1,2.1,Montana
1158,197404,29.5,2.5,Montana
1159,197504,23.1,-3.9,Montana
1160,197604,29.9,2.9,Montana
1161,197704,30,3,Montana
1162,197804,24.7,-2.3,Montana
1163,197904,21,-6,Montana
1164,198004,27.7,0.7,Montana
1165,198104,33.6,6.6,Montana
1166,198204,22.9,-4.1,Montana
1167,198304,32.5,5.5,Montana
1168,198404,31.9,4.9,Montana
1169,198504,26.7,-0.3,Montana
1170,198604,32.1,5.1,Montana
1171,198704,33.8,6.8,Montana
1172,198804,29.9,2.9,Montana
1173,198904,24.6,-2.4,Montana
1174,199004,31.3,4.3,Montana
1175,199104,30.6,3.6,Montana
1176,199204,35.7,8.7,Montana
1177,199304,25.8,-1.2,Montana
1178,199404,28.6,1.6,Montana
1179,199504,29.5,2.5,Montana
1180,199604,25.1,-1.9,Montana
1181,199704,27,0,Montana
1182,199804,30.5,3.5,Montana
1183,199904,31.9,4.9,Montana
1184,200004,31.9,4.9,Montana
1185,200104,29,2,Montana
1186,200204,26.6,-0.4,Montana
1187,200304,30,3,Montana
1188,200404,30.7,3.7,Montana
1189,200504,31.1,4.1,Montana
1190,200604,32.6,5.6,Montana
1191,200704,30.9,3.9,Montana
1192,200804,27.8,0.8,Montana
1193,200904,28.6,1.6,Montana
1194,201004,29.9,2.9,Montana
1195,201104,25.5,-1.5,Montana
1196,196004,28.2,-4.9,Nebraska
1197,196104,34.3,1.2,Nebraska
1198,196204,30.9,-2.2,Nebraska
1199,196304,33.3,0.2,Nebraska
1200,196404,33.4,0.3,Nebraska
1201,196504,30.9,-2.2,Nebraska
1202,196604,30.5,-2.6,Nebraska
1203,196704,36.1,3,Nebraska
1204,196804,34.6,1.5,Nebraska
1205,196904,30.3,-2.8,Nebraska
1206,197004,32,-1.1,Nebraska
1207,197104,32,-1.1,Nebraska
1208,197204,34,0.9,Nebraska
1209,197304,34.4,1.3,Nebraska
1210,197404,35.1,2,Nebraska
1211,197504,30.7,-2.4,Nebraska
1212,197604,36.4,3.3,Nebraska
1213,197704,35,1.9,Nebraska
1214,197804,27.7,-5.4,Nebraska
1215,197904,27.1,-6,Nebraska
1216,198004,32,-1.1,Nebraska
1217,198104,38.8,5.7,Nebraska
1218,198204,30.3,-2.8,Nebraska
1219,198304,34.6,1.5,Nebraska
1220,198404,33.1,0,Nebraska
1221,198504,33.9,0.8,Nebraska
1222,198604,37.8,4.7,Nebraska
1223,198704,38.1,5,Nebraska
1224,198804,32.3,-0.8,Nebraska
1225,198904,33.6,0.5,Nebraska
1226,199004,37.2,4.1,Nebraska
1227,199104,36.6,3.5,Nebraska
1228,199204,39.7,6.6,Nebraska
1229,199304,29.7,-3.4,Nebraska
1230,199404,33,-0.1,Nebraska
1231,199504,34.7,1.6,Nebraska
1232,199604,31.8,-1.3,Nebraska
1233,199704,33.3,0.2,Nebraska
1234,199804,35.3,2.2,Nebraska
1235,199904,37.4,4.3,Nebraska
1236,200004,38.6,5.5,Nebraska
1237,200104,34,0.9,Nebraska
1238,200204,35.3,2.2,Nebraska
1239,200304,35.3,2.2,Nebraska
1240,200404,36,2.9,Nebraska
1241,200504,36.7,3.6,Nebraska
1242,200604,38.8,5.7,Nebraska
1243,200704,34.2,1.1,Nebraska
1244,200804,32.4,-0.7,Nebraska
1245,200904,35.2,2.1,Nebraska
1246,201004,34.1,1,Nebraska
1247,201104,32.4,-0.7,Nebraska
1248,196004,44.7,-2.6,North Carolina
1249,196104,46.4,-0.9,North Carolina
1250,196204,46.1,-1.2,North Carolina
1251,196304,45.9,-1.4,North Carolina
1252,196404,46.4,-0.9,North Carolina
1253,196504,46.2,-1.1,North Carolina
1254,196604,44.8,-2.5,North Carolina
1255,196704,48.1,0.8,North Carolina
1256,196804,44.7,-2.6,North Carolina
1257,196904,44.6,-2.7,North Carolina
1258,197004,45.3,-2,North Carolina
1259,197104,45.3,-2,North Carolina
1260,197204,47.7,0.4,North Carolina
1261,197304,47.2,-0.1,North Carolina
1262,197404,51.4,4.1,North Carolina
1263,197504,48.2,0.9,North Carolina
1264,197604,49.9,2.6,North Carolina
1265,197704,45.6,-1.7,North Carolina
1266,197804,43.1,-4.2,North Carolina
1267,197904,45.7,-1.6,North Carolina
1268,198004,45.4,-1.9,North Carolina
1269,198104,45.8,-1.5,North Carolina
1270,198204,46.2,-1.1,North Carolina
1271,198304,45.7,-1.6,North Carolina
1272,198404,46.1,-1.2,North Carolina
1273,198504,47.1,-0.2,North Carolina
1274,198604,48.1,0.8,North Carolina
1275,198704,45.4,-1.9,North Carolina
1276,198804,45.4,-1.9,North Carolina
1277,198904,48.7,1.4,North Carolina
1278,199004,51.8,4.5,North Carolina
1279,199104,50,2.7,North Carolina
1280,199204,48.5,1.2,North Carolina
1281,199304,46.4,-0.9,North Carolina
1282,199404,48,0.7,North Carolina
1283,199504,48.1,0.8,North Carolina
1284,199604,45.7,-1.6,North Carolina
1285,199704,48.9,1.6,North Carolina
1286,199804,49.5,2.2,North Carolina
1287,199904,49.2,1.9,North Carolina
1288,200004,48.7,1.4,North Carolina
1289,200104,48.2,0.9,North Carolina
1290,200204,50.2,2.9,North Carolina
1291,200304,47.1,-0.2,North Carolina
1292,200404,47.2,-0.1,North Carolina
1293,200504,47.9,0.6,North Carolina
1294,200604,50.1,2.8,North Carolina
1295,200704,48.6,1.3,North Carolina
1296,200804,49,1.7,North Carolina
1297,200904,47.4,0.1,North Carolina
1298,201004,46.1,-1.2,North Carolina
1299,201104,48.5,1.2,North Carolina
1300,196004,28.3,-0.2,New York
1301,196104,27,-1.5,New York
1302,196204,27.9,-0.6,New York
1303,196304,26.4,-2.1,New York
1304,196404,29.3,0.8,New York
1305,196504,26.2,-2.3,New York
1306,196604,27.9,-0.6,New York
1307,196704,28.2,-0.3,New York
1308,196804,27.8,-0.7,New York
1309,196904,28.6,0.1,New York
1310,197004,25.7,-2.8,New York
1311,197104,25.8,-2.7,New York
1312,197204,26.1,-2.4,New York
1313,197304,31.5,3,New York
1314,197404,29.2,0.7,New York
1315,197504,28.4,-0.1,New York
1316,197604,30.1,1.6,New York
1317,197704,28.5,0,New York
1318,197804,24.2,-4.3,New York
1319,197904,26.9,-1.6,New York
1320,198004,28.2,-0.3,New York
1321,198104,29.8,1.3,New York
1322,198204,25.9,-2.6,New York
1323,198304,30.9,2.4,New York
1324,198404,28.7,0.2,New York
1325,198504,29.4,0.9,New York
1326,198604,30.5,2,New York
1327,198704,30.3,1.8,New York
1328,198804,28.8,0.3,New York
1329,198904,29.3,0.8,New York
1330,199004,34.3,5.8,New York
1331,199104,32.7,4.2,New York
1332,199204,28.8,0.3,New York
1333,199304,27.8,-0.7,New York
1334,199404,25.4,-3.1,New York
1335,199504,30.2,1.7,New York
1336,199604,27.5,-1,New York
1337,199704,29.6,1.1,New York
1338,199804,34.6,6.1,New York
1339,199904,30.5,2,New York
1340,200004,31.4,2.9,New York
1341,200104,29.9,1.4,New York
1342,200204,34.3,5.8,New York
1343,200304,26.5,-2,New York
1344,200404,28.3,-0.2,New York
1345,200504,29.1,0.6,New York
1346,200604,33.1,4.6,New York
1347,200704,28.2,-0.3,New York
1348,200804,31.8,3.3,New York
1349,200904,29.7,1.2,New York
1350,201004,33.3,4.8,New York
1351,201104,29.1,0.6,New York
1352,196004,40,-1.6,New Mexico
1353,196104,41.1,-0.5,New Mexico
1354,196204,41.2,-0.4,New Mexico
1355,196304,41.2,-0.4,New Mexico
1356,196404,37.2,-4.4,New Mexico
1357,196504,40.7,-0.9,New Mexico
1358,196604,39.6,-2,New Mexico
1359,196704,43.6,2,New Mexico
1360,196804,41,-0.6,New Mexico
1361,196904,41.7,0.1,New Mexico
1362,197004,40.3,-1.3,New Mexico
1363,197104,41.4,-0.2,New Mexico
1364,197204,44.4,2.8,New Mexico
1365,197304,38.1,-3.5,New Mexico
1366,197404,42.3,0.7,New Mexico
1367,197504,39.6,-2,New Mexico
1368,197604,42.7,1.1,New Mexico
1369,197704,40.3,-1.3,New Mexico
1370,197804,42.4,0.8,New Mexico
1371,197904,39.8,-1.8,New Mexico
1372,198004,41.7,0.1,New Mexico
1373,198104,43.7,2.1,New Mexico
1374,198204,42,0.4,New Mexico
1375,198304,40.3,-1.3,New Mexico
1376,198404,40.5,-1.1,New Mexico
1377,198504,41.4,-0.2,New Mexico
1378,198604,45.3,3.7,New Mexico
1379,198704,40.3,-1.3,New Mexico
1380,198804,41,-0.6,New Mexico
1381,198904,44.3,2.7,New Mexico
1382,199004,42.3,0.7,New Mexico
1383,199104,42,0.4,New Mexico
1384,199204,42.7,1.1,New Mexico
1385,199304,43.1,1.5,New Mexico
1386,199404,42.7,1.1,New Mexico
1387,199504,43.7,2.1,New Mexico
1388,199604,44,2.4,New Mexico
1389,199704,41.4,-0.2,New Mexico
1390,199804,41.5,-0.1,New Mexico
1391,199904,44.8,3.2,New Mexico
1392,200004,46,4.4,New Mexico
1393,200104,42.4,0.8,New Mexico
1394,200204,43.5,1.9,New Mexico
1395,200304,44.2,2.6,New Mexico
1396,200404,43.2,1.6,New Mexico
1397,200504,43.7,2.1,New Mexico
1398,200604,45,3.4,New Mexico
1399,200704,42.3,0.7,New Mexico
1400,200804,42.2,0.6,New Mexico
1401,200904,44.6,3,New Mexico
1402,201004,41.1,-0.5,New Mexico
1403,201104,43.4,1.8,New Mexico
1404,196004,37.6,0.4,New Jersey
1405,196104,35.6,-1.6,New Jersey
1406,196204,36.7,-0.5,New Jersey
1407,196304,35.7,-1.5,New Jersey
1408,196404,37.2,0,New Jersey
1409,196504,35.2,-2,New Jersey
1410,196604,36.2,-1,New Jersey
1411,196704,36.8,-0.4,New Jersey
1412,196804,36.4,-0.8,New Jersey
1413,196904,36.8,-0.4,New Jersey
1414,197004,34.5,-2.7,New Jersey
1415,197104,35.7,-1.5,New Jersey
1416,197204,36.5,-0.7,New Jersey
1417,197304,39.7,2.5,New Jersey
1418,197404,39.2,2,New Jersey
1419,197504,37.9,0.7,New Jersey
1420,197604,39.9,2.7,New Jersey
1421,197704,37,-0.2,New Jersey
1422,197804,33.6,-3.6,New Jersey
1423,197904,36.1,-1.1,New Jersey
1424,198004,37,-0.2,New Jersey
1425,198104,37.6,0.4,New Jersey
1426,198204,35.4,-1.8,New Jersey
1427,198304,38.9,1.7,New Jersey
1428,198404,36.5,-0.7,New Jersey
1429,198504,38.5,1.3,New Jersey
1430,198604,38.1,0.9,New Jersey
1431,198704,38,0.8,New Jersey
1432,198804,36.8,-0.4,New Jersey
1433,198904,38.8,1.6,New Jersey
1434,199004,42.5,5.3,New Jersey
1435,199104,41.1,3.9,New Jersey
1436,199204,38.4,1.2,New Jersey
1437,199304,37.6,0.4,New Jersey
1438,199404,36.1,-1.1,New Jersey
1439,199504,39.3,2.1,New Jersey
1440,199604,37,-0.2,New Jersey
1441,199704,39.5,2.3,New Jersey
1442,199804,43.4,6.2,New Jersey
1443,199904,39.8,2.6,New Jersey
1444,200004,40.2,3,New Jersey
1445,200104,38.6,1.4,New Jersey
1446,200204,43,5.8,New Jersey
1447,200304,36.1,-1.1,New Jersey
1448,200404,38.1,0.9,New Jersey
1449,200504,38.5,1.3,New Jersey
1450,200604,42,4.8,New Jersey
1451,200704,38.3,1.1,New Jersey
1452,200804,41.1,3.9,New Jersey
1453,200904,38.8,1.6,New Jersey
1454,201004,41,3.8,New Jersey
1455,201104,39.2,2,New Jersey
1456,196004,27.3,1,New Hampshire
1457,196104,24.9,-1.4,New Hampshire
1458,196204,25.5,-0.8,New Hampshire
1459,196304,25,-1.3,New Hampshire
1460,196404,27.1,0.8,New Hampshire
1461,196504,24.6,-1.7,New Hampshire
1462,196604,26.6,0.3,New Hampshire
1463,196704,24.8,-1.5,New Hampshire
1464,196804,25.5,-0.8,New Hampshire
1465,196904,26.8,0.5,New Hampshire
1466,197004,24.3,-2,New Hampshire
1467,197104,24,-2.3,New Hampshire
1468,197204,24.5,-1.8,New Hampshire
1469,197304,29.5,3.2,New Hampshire
1470,197404,27.2,0.9,New Hampshire
1471,197504,26,-0.3,New Hampshire
1472,197604,27.6,1.3,New Hampshire
1473,197704,27.1,0.8,New Hampshire
1474,197804,23.3,-3,New Hampshire
1475,197904,26.5,0.2,New Hampshire
1476,198004,26.8,0.5,New Hampshire
1477,198104,28.4,2.1,New Hampshire
1478,198204,23.3,-3,New Hampshire
1479,198304,29.4,3.1,New Hampshire
1480,198404,27.4,1.1,New Hampshire
1481,198504,27,0.7,New Hampshire
1482,198604,28.6,2.3,New Hampshire
1483,198704,27.7,1.4,New Hampshire
1484,198804,26.8,0.5,New Hampshire
1485,198904,26.8,0.5,New Hampshire
1486,199004,30.5,4.2,New Hampshire
1487,199104,30.1,3.8,New Hampshire
1488,199204,26.4,0.1,New Hampshire
1489,199304,25.7,-0.6,New Hampshire
1490,199404,23.6,-2.7,New Hampshire
1491,199504,28.3,2,New Hampshire
1492,199604,26.5,0.2,New Hampshire
1493,199704,27.1,0.8,New Hampshire
1494,199804,31.9,5.6,New Hampshire
1495,199904,29.3,3,New Hampshire
1496,200004,29.1,2.8,New Hampshire
1497,200104,26.7,0.4,New Hampshire
1498,200204,31.6,5.3,New Hampshire
1499,200304,23.7,-2.6,New Hampshire
1500,200404,26.5,0.2,New Hampshire
1501,200504,27.3,1,New Hampshire
1502,200604,30.8,4.5,New Hampshire
1503,200704,25.9,-0.4,New Hampshire
1504,200804,28.9,2.6,New Hampshire
1505,200904,27.1,0.8,New Hampshire
1506,201004,32.5,6.2,New Hampshire
1507,201104,26.8,0.5,New Hampshire
1508,196004,37.1,-0.5,Nevada
1509,196104,39,1.4,Nevada
1510,196204,36.5,-1.1,Nevada
1511,196304,37.3,-0.3,Nevada
1512,196404,34.4,-3.2,Nevada
1513,196504,38.1,0.5,Nevada
1514,196604,37,-0.6,Nevada
1515,196704,36.9,-0.7,Nevada
1516,196804,39.1,1.5,Nevada
1517,196904,36.9,-0.7,Nevada
1518,197004,37.8,0.2,Nevada
1519,197104,37.9,0.3,Nevada
1520,197204,39.2,1.6,Nevada
1521,197304,35.5,-2.1,Nevada
1522,197404,37.4,-0.2,Nevada
1523,197504,34.7,-2.9,Nevada
1524,197604,37.5,-0.1,Nevada
1525,197704,37.7,0.1,Nevada
1526,197804,39.8,2.2,Nevada
1527,197904,36,-1.6,Nevada
1528,198004,39.3,1.7,Nevada
1529,198104,40.5,2.9,Nevada
1530,198204,36.2,-1.4,Nevada
1531,198304,37.9,0.3,Nevada
1532,198404,36.6,-1,Nevada
1533,198504,36.3,-1.3,Nevada
1534,198604,42.6,5,Nevada
1535,198704,38.6,1,Nevada
1536,198804,38.2,0.6,Nevada
1537,198904,38.1,0.5,Nevada
1538,199004,39.4,1.8,Nevada
1539,199104,38,0.4,Nevada
1540,199204,41.7,4.1,Nevada
1541,199304,37,-0.6,Nevada
1542,199404,40,2.4,Nevada
1543,199504,40.4,2.8,Nevada
1544,199604,40.5,2.9,Nevada
1545,199704,39.2,1.6,Nevada
1546,199804,38.2,0.6,Nevada
1547,199904,38.5,0.9,Nevada
1548,200004,41.5,3.9,Nevada
1549,200104,37.8,0.2,Nevada
1550,200204,38.4,0.8,Nevada
1551,200304,40.4,2.8,Nevada
1552,200404,40,2.4,Nevada
1553,200504,38.8,1.2,Nevada
1554,200604,38.2,0.6,Nevada
1555,200704,39.8,2.2,Nevada
1556,200804,36.9,-0.7,Nevada
1557,200904,39,1.4,Nevada
1558,201004,38.2,0.6,Nevada
1559,201104,37.7,0.1,Nevada
1560,196004,18.7,-2.4,North Dakota
1561,196104,24.7,3.6,North Dakota
1562,196204,18.8,-2.3,North Dakota
1563,196304,22.3,1.2,North Dakota
1564,196404,24.4,3.3,North Dakota
1565,196504,15.8,-5.3,North Dakota
1566,196604,17.1,-4,North Dakota
1567,196704,20.2,-0.9,North Dakota
1568,196804,23.3,2.2,North Dakota
1569,196904,17.5,-3.6,North Dakota
1570,197004,17.3,-3.8,North Dakota
1571,197104,19.9,-1.2,North Dakota
1572,197204,17.9,-3.2,North Dakota
1573,197304,27.3,6.2,North Dakota
1574,197404,20.5,-0.6,North Dakota
1575,197504,18.7,-2.4,North Dakota
1576,197604,25.3,4.2,North Dakota
1577,197704,25.1,4,North Dakota
1578,197804,16.9,-4.2,North Dakota
1579,197904,12.1,-9,North Dakota
1580,198004,22.3,1.2,North Dakota
1581,198104,29.3,8.2,North Dakota
1582,198204,15.7,-5.4,North Dakota
1583,198304,27,5.9,North Dakota
1584,198404,26.6,5.5,North Dakota
1585,198504,23.8,2.7,North Dakota
1586,198604,26.4,5.3,North Dakota
1587,198704,31,9.9,North Dakota
1588,198804,23.2,2.1,North Dakota
1589,198904,19.5,-1.6,North Dakota
1590,199004,28.4,7.3,North Dakota
1591,199104,26.8,5.7,North Dakota
1592,199204,29.5,8.4,North Dakota
1593,199304,21.3,0.2,North Dakota
1594,199404,18.4,-2.7,North Dakota
1595,199504,21.9,0.8,North Dakota
1596,199604,17.1,-4,North Dakota
1597,199704,19.3,-1.8,North Dakota
1598,199804,26.7,5.6,North Dakota
1599,199904,25.9,4.8,North Dakota
1600,200004,27.8,6.7,North Dakota
1601,200104,23.1,2,North Dakota
1602,200204,23.9,2.8,North Dakota
1603,200304,21.8,0.7,North Dakota
1604,200404,23.3,2.2,North Dakota
1605,200504,25.6,4.5,North Dakota
1606,200604,29.2,8.1,North Dakota
1607,200704,23.7,2.6,North Dakota
1608,200804,21.6,0.5,North Dakota
1609,200904,18.9,-2.2,North Dakota
1610,201004,24.5,3.4,North Dakota
1611,201104,18.7,-2.4,North Dakota
1612,196004,34.2,-1.7,Ohio
1613,196104,35.4,-0.5,Ohio
1614,196204,34.1,-1.8,Ohio
1615,196304,32.8,-3.1,Ohio
1616,196404,36.3,0.4,Ohio
1617,196504,34.1,-1.8,Ohio
1618,196604,34.6,-1.3,Ohio
1619,196704,36.9,1,Ohio
1620,196804,34.3,-1.6,Ohio
1621,196904,35,-0.9,Ohio
1622,197004,33.1,-2.8,Ohio
1623,197104,33.4,-2.5,Ohio
1624,197204,34.6,-1.3,Ohio
1625,197304,38.6,2.7,Ohio
1626,197404,38.1,2.2,Ohio
1627,197504,35.6,-0.3,Ohio
1628,197604,38.9,3,Ohio
1629,197704,33.6,-2.3,Ohio
1630,197804,28.9,-7,Ohio
1631,197904,32,-3.9,Ohio
1632,198004,33.2,-2.7,Ohio
1633,198104,35.5,-0.4,Ohio
1634,198204,32.7,-3.2,Ohio
1635,198304,37.6,1.7,Ohio
1636,198404,34.2,-1.7,Ohio
1637,198504,35.9,0,Ohio
1638,198604,37.9,2,Ohio
1639,198704,38.1,2.2,Ohio
1640,198804,35.2,-0.7,Ohio
1641,198904,37.4,1.5,Ohio
1642,199004,41.5,5.6,Ohio
1643,199104,39.5,3.6,Ohio
1644,199204,38.3,2.4,Ohio
1645,199304,35.8,-0.1,Ohio
1646,199404,34.3,-1.6,Ohio
1647,199504,36.3,0.4,Ohio
1648,199604,34,-1.9,Ohio
1649,199704,37,1.1,Ohio
1650,199804,41.8,5.9,Ohio
1651,199904,37.8,1.9,Ohio
1652,200004,39.1,3.2,Ohio
1653,200104,37.9,2,Ohio
1654,200204,40.2,4.3,Ohio
1655,200304,35,-0.9,Ohio
1656,200404,36.8,0.9,Ohio
1657,200504,37.5,1.6,Ohio
1658,200604,40.9,5,Ohio
1659,200704,36.2,0.3,Ohio
1660,200804,36.8,0.9,Ohio
1661,200904,36.4,0.5,Ohio
1662,201004,37.1,1.2,Ohio
1663,201104,36.4,0.5,Ohio
1664,196004,43.2,-3.4,Oklahoma
1665,196104,46.7,0.1,Oklahoma
1666,196204,45.4,-1.2,Oklahoma
1667,196304,46.8,0.2,Oklahoma
1668,196404,46.9,0.3,Oklahoma
1669,196504,45.8,-0.8,Oklahoma
1670,196604,44.9,-1.7,Oklahoma
1671,196704,50.1,3.5,Oklahoma
1672,196804,45.7,-0.9,Oklahoma
1673,196904,45.4,-1.2,Oklahoma
1674,197004,44.6,-2,Oklahoma
1675,197104,46,-0.6,Oklahoma
1676,197204,48.7,2.1,Oklahoma
1677,197304,45.1,-1.5,Oklahoma
1678,197404,48.6,2,Oklahoma
1679,197504,45,-1.6,Oklahoma
1680,197604,50.1,3.5,Oklahoma
1681,197704,46.6,0,Oklahoma
1682,197804,41.2,-5.4,Oklahoma
1683,197904,41.3,-5.3,Oklahoma
1684,198004,44.7,-1.9,Oklahoma
1685,198104,49.3,2.7,Oklahoma
1686,198204,44.8,-1.8,Oklahoma
1687,198304,44.7,-1.9,Oklahoma
1688,198404,45.1,-1.5,Oklahoma
1689,198504,45.5,-1.1,Oklahoma
1690,198604,50.6,4,Oklahoma
1691,198704,47.2,0.6,Oklahoma
1692,198804,44.5,-2.1,Oklahoma
1693,198904,46.5,-0.1,Oklahoma
1694,199004,49.3,2.7,Oklahoma
1695,199104,48.7,2.1,Oklahoma
1696,199204,50.3,3.7,Oklahoma
1697,199304,44.3,-2.3,Oklahoma
1698,199404,46.4,-0.2,Oklahoma
1699,199504,47.9,1.3,Oklahoma
1700,199604,45.6,-1,Oklahoma
1701,199704,46.4,-0.2,Oklahoma
1702,199804,47.1,0.5,Oklahoma
1703,199904,49.4,2.8,Oklahoma
1704,200004,49.9,3.3,Oklahoma
1705,200104,46.8,0.2,Oklahoma
1706,200204,47.4,0.8,Oklahoma
1707,200304,46.5,-0.1,Oklahoma
1708,200404,48.3,1.7,Oklahoma
1709,200504,48.7,2.1,Oklahoma
1710,200604,51.8,5.2,Oklahoma
1711,200704,47.1,0.5,Oklahoma
1712,200804,47,0.4,Oklahoma
1713,200904,48.8,2.2,Oklahoma
1714,201004,45.4,-1.2,Oklahoma
1715,201104,47.2,0.6,Oklahoma
1716,196004,36,-0.7,Oregon
1717,196104,39,2.3,Oregon
1718,196204,35.9,-0.8,Oregon
1719,196304,36.9,0.2,Oregon
1720,196404,35.2,-1.5,Oregon
1721,196504,38.1,1.4,Oregon
1722,196604,37.3,0.6,Oregon
1723,196704,36.9,0.2,Oregon
1724,196804,38.7,2,Oregon
1725,196904,35.1,-1.6,Oregon
1726,197004,37.3,0.6,Oregon
1727,197104,36.3,-0.4,Oregon
1728,197204,36.8,0.1,Oregon
1729,197304,36.9,0.2,Oregon
1730,197404,36.2,-0.5,Oregon
1731,197504,34.7,-2,Oregon
1732,197604,36.1,-0.6,Oregon
1733,197704,37,0.3,Oregon
1734,197804,39.6,2.9,Oregon
1735,197904,35,-1.7,Oregon
1736,198004,37.8,1.1,Oregon
1737,198104,39.2,2.5,Oregon
1738,198204,35,-1.7,Oregon
1739,198304,39.2,2.5,Oregon
1740,198404,36.8,0.1,Oregon
1741,198504,35.1,-1.6,Oregon
1742,198604,40.1,3.4,Oregon
1743,198704,38.8,2.1,Oregon
1744,198804,38.3,1.6,Oregon
1745,198904,35.8,-0.9,Oregon
1746,199004,39.3,2.6,Oregon
1747,199104,38.1,1.4,Oregon
1748,199204,42.2,5.5,Oregon
1749,199304,34.9,-1.8,Oregon
1750,199404,39.6,2.9,Oregon
1751,199504,39.4,2.7,Oregon
1752,199604,38.6,1.9,Oregon
1753,199704,37.9,1.2,Oregon
1754,199804,38.8,2.1,Oregon
1755,199904,36.8,0.1,Oregon
1756,200004,39,2.3,Oregon
1757,200104,37.1,0.4,Oregon
1758,200204,37.3,0.6,Oregon
1759,200304,39.3,2.6,Oregon
1760,200404,39.6,2.9,Oregon
1761,200504,39.2,2.5,Oregon
1762,200604,37.5,0.8,Oregon
1763,200704,38.7,2,Oregon
1764,200804,35.3,-1.4,Oregon
1765,200904,37.3,0.6,Oregon
1766,201004,39,2.3,Oregon
1767,201104,36,-0.7,Oregon
1768,196004,33.2,-0.4,Pennsylvania
1769,196104,32,-1.6,Pennsylvania
1770,196204,32.5,-1.1,Pennsylvania
1771,196304,31,-2.6,Pennsylvania
1772,196404,33.2,-0.4,Pennsylvania
1773,196504,31.4,-2.2,Pennsylvania
1774,196604,32.5,-1.1,Pennsylvania
1775,196704,33.9,0.3,Pennsylvania
1776,196804,32.6,-1,Pennsylvania
1777,196904,33.2,-0.4,Pennsylvania
1778,197004,30.5,-3.1,Pennsylvania
1779,197104,31.3,-2.3,Pennsylvania
1780,197204,32.2,-1.4,Pennsylvania
1781,197304,36.1,2.5,Pennsylvania
1782,197404,35.5,1.9,Pennsylvania
1783,197504,33.3,-0.3,Pennsylvania
1784,197604,36.1,2.5,Pennsylvania
1785,197704,32.4,-1.2,Pennsylvania
1786,197804,28.7,-4.9,Pennsylvania
1787,197904,31.1,-2.5,Pennsylvania
1788,198004,32.4,-1.2,Pennsylvania
1789,198104,33.5,-0.1,Pennsylvania
1790,198204,31,-2.6,Pennsylvania
1791,198304,35.2,1.6,Pennsylvania
1792,198404,32.6,-1,Pennsylvania
1793,198504,34.5,0.9,Pennsylvania
1794,198604,35,1.4,Pennsylvania
1795,198704,34.9,1.3,Pennsylvania
1796,198804,33,-0.6,Pennsylvania
1797,198904,34.8,1.2,Pennsylvania
1798,199004,39.3,5.7,Pennsylvania
1799,199104,37.1,3.5,Pennsylvania
1800,199204,35.1,1.5,Pennsylvania
1801,199304,33.5,-0.1,Pennsylvania
1802,199404,31.6,-2,Pennsylvania
1803,199504,34.6,1,Pennsylvania
1804,199604,32.4,-1.2,Pennsylvania
1805,199704,35.1,1.5,Pennsylvania
1806,199804,39.8,6.2,Pennsylvania
1807,199904,35.4,1.8,Pennsylvania
1808,200004,36.8,3.2,Pennsylvania
1809,200104,35,1.4,Pennsylvania
1810,200204,38.8,5.2,Pennsylvania
1811,200304,32.4,-1.2,Pennsylvania
1812,200404,33.7,0.1,Pennsylvania
1813,200504,34.6,1,Pennsylvania
1814,200604,38.1,4.5,Pennsylvania
1815,200704,33.4,-0.2,Pennsylvania
1816,200804,35.9,2.3,Pennsylvania
1817,200904,34.4,0.8,Pennsylvania
1818,201004,36.5,2.9,Pennsylvania
1819,201104,34.3,0.7,Pennsylvania
1820,196004,34.7,0.5,Rhode Island
1821,196104,32.7,-1.5,Rhode Island
1822,196204,33.8,-0.4,Rhode Island
1823,196304,33.7,-0.5,Rhode Island
1824,196404,34.4,0.2,Rhode Island
1825,196504,32.3,-1.9,Rhode Island
1826,196604,34.2,0,Rhode Island
1827,196704,33.4,-0.8,Rhode Island
1828,196804,33.5,-0.7,Rhode Island
1829,196904,34.3,0.1,Rhode Island
1830,197004,32.3,-1.9,Rhode Island
1831,197104,32.6,-1.6,Rhode Island
1832,197204,33.3,-0.9,Rhode Island
1833,197304,37.2,3,Rhode Island
1834,197404,35.9,1.7,Rhode Island
1835,197504,34.9,0.7,Rhode Island
1836,197604,36.6,2.4,Rhode Island
1837,197704,34.2,0,Rhode Island
1838,197804,31.2,-3,Rhode Island
1839,197904,33.9,-0.3,Rhode Island
1840,198004,34.4,0.2,Rhode Island
1841,198104,34.8,0.6,Rhode Island
1842,198204,32.7,-1.5,Rhode Island
1843,198304,36.4,2.2,Rhode Island
1844,198404,34.7,0.5,Rhode Island
1845,198504,35.1,0.9,Rhode Island
1846,198604,35.8,1.6,Rhode Island
1847,198704,35,0.8,Rhode Island
1848,198804,34.5,0.3,Rhode Island
1849,198904,35.3,1.1,Rhode Island
1850,199004,38.4,4.2,Rhode Island
1851,199104,37.9,3.7,Rhode Island
1852,199204,34.7,0.5,Rhode Island
1853,199304,34,-0.2,Rhode Island
1854,199404,32.9,-1.3,Rhode Island
1855,199504,36.9,2.7,Rhode Island
1856,199604,34.2,0,Rhode Island
1857,199704,36.5,2.3,Rhode Island
1858,199804,39.7,5.5,Rhode Island
1859,199904,37.5,3.3,Rhode Island
1860,200004,37.1,2.9,Rhode Island
1861,200104,35.4,1.2,Rhode Island
1862,200204,39.7,5.5,Rhode Island
1863,200304,32.4,-1.8,Rhode Island
1864,200404,34.3,0.1,Rhode Island
1865,200504,34.6,0.4,Rhode Island
1866,200604,38.2,4,Rhode Island
1867,200704,34.9,0.7,Rhode Island
1868,200804,37.7,3.5,Rhode Island
1869,200904,35.5,1.3,Rhode Island
1870,201004,38.9,4.7,Rhode Island
1871,201104,35.3,1.1,Rhode Island
1872,196004,48.7,-3.1,South Carolina
1873,196104,50.7,-1.1,South Carolina
1874,196204,50.8,-1,South Carolina
1875,196304,50.5,-1.3,South Carolina
1876,196404,50.2,-1.6,South Carolina
1877,196504,51.4,-0.4,South Carolina
1878,196604,49.3,-2.5,South Carolina
1879,196704,52.8,1,South Carolina
1880,196804,48.8,-3,South Carolina
1881,196904,48.9,-2.9,South Carolina
1882,197004,50.1,-1.7,South Carolina
1883,197104,49.7,-2.1,South Carolina
1884,197204,52.5,0.7,South Carolina
1885,197304,51.3,-0.5,South Carolina
1886,197404,56.2,4.4,South Carolina
1887,197504,53.1,1.3,South Carolina
1888,197604,53.9,2.1,South Carolina
1889,197704,49.9,-1.9,South Carolina
1890,197804,47.7,-4.1,South Carolina
1891,197904,50.4,-1.4,South Carolina
1892,198004,49.9,-1.9,South Carolina
1893,198104,50.5,-1.3,South Carolina
1894,198204,51.4,-0.4,South Carolina
1895,198304,49.1,-2.7,South Carolina
1896,198404,50.8,-1,South Carolina
1897,198504,51.6,-0.2,South Carolina
1898,198604,52.9,1.1,South Carolina
1899,198704,50.1,-1.7,South Carolina
1900,198804,49.9,-1.9,South Carolina
1901,198904,53.7,1.9,South Carolina
1902,199004,56.1,4.3,South Carolina
1903,199104,54.4,2.6,South Carolina
1904,199204,52.6,0.8,South Carolina
1905,199304,50.7,-1.1,South Carolina
1906,199404,52.8,1,South Carolina
1907,199504,52.8,1,South Carolina
1908,199604,50.4,-1.4,South Carolina
1909,199704,54,2.2,South Carolina
1910,199804,53.1,1.3,South Carolina
1911,199904,53.8,2,South Carolina
1912,200004,52.8,1,South Carolina
1913,200104,52.6,0.8,South Carolina
1914,200204,54.6,2.8,South Carolina
1915,200304,51.6,-0.2,South Carolina
1916,200404,51.7,-0.1,South Carolina
1917,200504,52.2,0.4,South Carolina
1918,200604,54.4,2.6,South Carolina
1919,200704,53.3,1.5,South Carolina
1920,200804,52.8,1,South Carolina
1921,200904,51.7,-0.1,South Carolina
1922,201004,49.7,-2.1,South Carolina
1923,201104,53,1.2,South Carolina
1924,196004,23.9,-3.7,South Dakota
1925,196104,30.1,2.5,South Dakota
1926,196204,25.3,-2.3,South Dakota
1927,196304,28.6,1,South Dakota
1928,196404,29.9,2.3,South Dakota
1929,196504,23.9,-3.7,South Dakota
1930,196604,23.9,-3.7,South Dakota
1931,196704,29.4,1.8,South Dakota
1932,196804,29.6,2,South Dakota
1933,196904,24.3,-3.3,South Dakota
1934,197004,24.8,-2.8,South Dakota
1935,197104,26,-1.6,South Dakota
1936,197204,25.3,-2.3,South Dakota
1937,197304,31.1,3.5,South Dakota
1938,197404,30.3,2.7,South Dakota
1939,197504,24.5,-3.1,South Dakota
1940,197604,31.9,4.3,South Dakota
1941,197704,29.9,2.3,South Dakota
1942,197804,21.5,-6.1,South Dakota
1943,197904,20.5,-7.1,South Dakota
1944,198004,28.5,0.9,South Dakota
1945,198104,35,7.4,South Dakota
1946,198204,23.8,-3.8,South Dakota
1947,198304,31.9,4.3,South Dakota
1948,198404,30.6,3,South Dakota
1949,198504,29.1,1.5,South Dakota
1950,198604,31,3.4,South Dakota
1951,198704,35.3,7.7,South Dakota
1952,198804,28.2,0.6,South Dakota
1953,198904,26.8,-0.8,South Dakota
1954,199004,33.7,6.1,South Dakota
1955,199104,32.1,4.5,South Dakota
1956,199204,35.3,7.7,South Dakota
1957,199304,25.6,-2,South Dakota
1958,199404,25.8,-1.8,South Dakota
1959,199504,28.9,1.3,South Dakota
1960,199604,25,-2.6,South Dakota
1961,199704,26.2,-1.4,South Dakota
1962,199804,31.3,3.7,South Dakota
1963,199904,33,5.4,South Dakota
1964,200004,33.9,6.3,South Dakota
1965,200104,27.8,0.2,South Dakota
1966,200204,30.1,2.5,South Dakota
1967,200304,29.7,2.1,South Dakota
1968,200404,31.3,3.7,South Dakota
1969,200504,32.3,4.7,South Dakota
1970,200604,34.5,6.9,South Dakota
1971,200704,29.6,2,South Dakota
1972,200804,27.4,-0.2,South Dakota
1973,200904,28.1,0.5,South Dakota
1974,201004,28.8,1.2,South Dakota
1975,201104,24.9,-2.7,South Dakota
1976,196004,42.3,-3.6,Tennessee
1977,196104,45.4,-0.5,Tennessee
1978,196204,44.6,-1.3,Tennessee
1979,196304,44,-1.9,Tennessee
1980,196404,45.1,-0.8,Tennessee
1981,196504,45.1,-0.8,Tennessee
1982,196604,43.9,-2,Tennessee
1983,196704,47.6,1.7,Tennessee
1984,196804,42.9,-3,Tennessee
1985,196904,43.4,-2.5,Tennessee
1986,197004,43.1,-2.8,Tennessee
1987,197104,43.5,-2.4,Tennessee
1988,197204,46.3,0.4,Tennessee
1989,197304,46,0.1,Tennessee
1990,197404,49.1,3.2,Tennessee
1991,197504,46.1,0.2,Tennessee
1992,197604,47.8,1.9,Tennessee
1993,197704,43.5,-2.4,Tennessee
1994,197804,40.1,-5.8,Tennessee
1995,197904,42.5,-3.4,Tennessee
1996,198004,43.3,-2.6,Tennessee
1997,198104,45.2,-0.7,Tennessee
1998,198204,44.4,-1.5,Tennessee
1999,198304,44.1,-1.8,Tennessee
2000,198404,44.2,-1.7,Tennessee
2001,198504,44,-1.9,Tennessee
2002,198604,46.9,1,Tennessee
2003,198704,45.8,-0.1,Tennessee
2004,198804,44.1,-1.8,Tennessee
2005,198904,47.1,1.2,Tennessee
2006,199004,49.8,3.9,Tennessee
2007,199104,48.2,2.3,Tennessee
2008,199204,47.3,1.4,Tennessee
2009,199304,44.8,-1.1,Tennessee
2010,199404,45.6,-0.3,Tennessee
2011,199504,46.9,1,Tennessee
2012,199604,43.2,-2.7,Tennessee
2013,199704,47,1.1,Tennessee
2014,199804,48.1,2.2,Tennessee
2015,199904,48.2,2.3,Tennessee
2016,200004,47.8,1.9,Tennessee
2017,200104,46.2,0.3,Tennessee
2018,200204,47.5,1.6,Tennessee
2019,200304,45.4,-0.5,Tennessee
2020,200404,46.6,0.7,Tennessee
2021,200504,48,2.1,Tennessee
2022,200604,49.1,3.2,Tennessee
2023,200704,46.9,1,Tennessee
2024,200804,46.2,0.3,Tennessee
2025,200904,46.3,0.4,Tennessee
2026,201004,43.7,-2.2,Tennessee
2027,201104,47.2,1.3,Tennessee
2028,196004,51.3,-2.7,Texas
2029,196104,53.2,-0.8,Texas
2030,196204,53.4,-0.6,Texas
2031,196304,54,0,Texas
2032,196404,52.7,-1.3,Texas
2033,196504,53.3,-0.7,Texas
2034,196604,51.7,-2.3,Texas
2035,196704,56.8,2.8,Texas
2036,196804,51.7,-2.3,Texas
2037,196904,53.3,-0.7,Texas
2038,197004,52.1,-1.9,Texas
2039,197104,54.9,0.9,Texas
2040,197204,56.9,2.9,Texas
2041,197304,51.4,-2.6,Texas
2042,197404,56.2,2.2,Texas
2043,197504,53.7,-0.3,Texas
2044,197604,56.2,2.2,Texas
2045,197704,52.4,-1.6,Texas
2046,197804,50.6,-3.4,Texas
2047,197904,51.1,-2.9,Texas
2048,198004,53.2,-0.8,Texas
2049,198104,54.8,0.8,Texas
2050,198204,53.9,-0.1,Texas
2051,198304,52.1,-1.9,Texas
2052,198404,53.4,-0.6,Texas
2053,198504,53,-1,Texas
2054,198604,57.6,3.6,Texas
2055,198704,52.8,-1.2,Texas
2056,198804,52.7,-1.3,Texas
2057,198904,54.9,0.9,Texas
2058,199004,56.4,2.4,Texas
2059,199104,55.6,1.6,Texas
2060,199204,55.5,1.5,Texas
2061,199304,53.5,-0.5,Texas
2062,199404,54.8,0.8,Texas
2063,199504,55.4,1.4,Texas
2064,199604,54.1,0.1,Texas
2065,199704,53.3,-0.7,Texas
2066,199804,54.9,0.9,Texas
2067,199904,57.9,3.9,Texas
2068,200004,58.8,4.8,Texas
2069,200104,54.2,0.2,Texas
2070,200204,55.1,1.1,Texas
2071,200304,54.6,0.6,Texas
2072,200404,55.6,1.6,Texas
2073,200504,55.9,1.9,Texas
2074,200604,58.7,4.7,Texas
2075,200704,53.9,-0.1,Texas
2076,200804,55.8,1.8,Texas
2077,200904,56.9,2.9,Texas
2078,201004,52.1,-1.9,Texas
2079,201104,56.5,2.5,Texas
2080,196004,33.5,-1.1,Utah
2081,196104,36,1.4,Utah
2082,196204,33.9,-0.7,Utah
2083,196304,34,-0.6,Utah
2084,196404,30.7,-3.9,Utah
2085,196504,34.8,0.2,Utah
2086,196604,33.9,-0.7,Utah
2087,196704,35,0.4,Utah
2088,196804,34.3,-0.3,Utah
2089,196904,34.6,0,Utah
2090,197004,35.1,0.5,Utah
2091,197104,35.1,0.5,Utah
2092,197204,38,3.4,Utah
2093,197304,30.2,-4.4,Utah
2094,197404,33.2,-1.4,Utah
2095,197504,32,-2.6,Utah
2096,197604,34.2,-0.4,Utah
2097,197704,35.1,0.5,Utah
2098,197804,37.5,2.9,Utah
2099,197904,31.3,-3.3,Utah
2100,198004,36,1.4,Utah
2101,198104,38.5,3.9,Utah
2102,198204,33.6,-1,Utah
2103,198304,35.6,1,Utah
2104,198404,30.7,-3.9,Utah
2105,198504,33.2,-1.4,Utah
2106,198604,39.3,4.7,Utah
2107,198704,35.9,1.3,Utah
2108,198804,34.2,-0.4,Utah
2109,198904,35.2,0.6,Utah
2110,199004,37.3,2.7,Utah
2111,199104,34.2,-0.4,Utah
2112,199204,38.6,4,Utah
2113,199304,34.9,0.3,Utah
2114,199404,37.7,3.1,Utah
2115,199504,38.1,3.5,Utah
2116,199604,37.4,2.8,Utah
2117,199704,35.3,0.7,Utah
2118,199804,36.2,1.6,Utah
2119,199904,37.4,2.8,Utah
2120,200004,39.4,4.8,Utah
2121,200104,36.6,2,Utah
2122,200204,35.2,0.6,Utah
2123,200304,38.1,3.5,Utah
2124,200404,36.4,1.8,Utah
2125,200504,37.8,3.2,Utah
2126,200604,36.5,1.9,Utah
2127,200704,37,2.4,Utah
2128,200804,33.4,-1.2,Utah
2129,200904,36.8,2.2,Utah
2130,201004,34.9,0.3,Utah
2131,201104,34.2,-0.4,Utah
2132,196004,25.4,0.7,Vermont
2133,196104,23.1,-1.6,Vermont
2134,196204,24.2,-0.5,Vermont
2135,196304,23,-1.7,Vermont
2136,196404,26,1.3,Vermont
2137,196504,22.8,-1.9,Vermont
2138,196604,24.9,0.2,Vermont
2139,196704,23.6,-1.1,Vermont
2140,196804,24,-0.7,Vermont
2141,196904,25.3,0.6,Vermont
2142,197004,22.1,-2.6,Vermont
2143,197104,22.1,-2.6,Vermont
2144,197204,22.7,-2,Vermont
2145,197304,28.1,3.4,Vermont
2146,197404,25.1,0.4,Vermont
2147,197504,24.6,-0.1,Vermont
2148,197604,26,1.3,Vermont
2149,197704,26,1.3,Vermont
2150,197804,21.1,-3.6,Vermont
2151,197904,24.7,0,Vermont
2152,198004,25.5,0.8,Vermont
2153,198104,27,2.3,Vermont
2154,198204,22,-2.7,Vermont
2155,198304,27.5,2.8,Vermont
2156,198404,26,1.3,Vermont
2157,198504,25.7,1,Vermont
2158,198604,26.9,2.2,Vermont
2159,198704,26.3,1.6,Vermont
2160,198804,25.6,0.9,Vermont
2161,198904,25.3,0.6,Vermont
2162,199004,29.9,5.2,Vermont
2163,199104,28.8,4.1,Vermont
2164,199204,24.3,-0.4,Vermont
2165,199304,24,-0.7,Vermont
2166,199404,21.5,-3.2,Vermont
2167,199504,27.1,2.4,Vermont
2168,199604,24.8,0.1,Vermont
2169,199704,25.5,0.8,Vermont
2170,199804,30.6,5.9,Vermont
2171,199904,27.4,2.7,Vermont
2172,200004,27.4,2.7,Vermont
2173,200104,25.6,0.9,Vermont
2174,200204,30.6,5.9,Vermont
2175,200304,22.4,-2.3,Vermont
2176,200404,24.4,-0.3,Vermont
2177,200504,25.9,1.2,Vermont
2178,200604,29.8,5.1,Vermont
2179,200704,24.2,-0.5,Vermont
2180,200804,28.2,3.5,Vermont
2181,200904,26.1,1.4,Vermont
2182,201004,31.4,6.7,Vermont
2183,201104,25.6,0.9,Vermont
2184,196004,40.5,-2,Virginia
2185,196104,41.5,-1,Virginia
2186,196204,41.2,-1.3,Virginia
2187,196304,41.1,-1.4,Virginia
2188,196404,41.8,-0.7,Virginia
2189,196504,41.1,-1.4,Virginia
2190,196604,40.1,-2.4,Virginia
2191,196704,43.2,0.7,Virginia
2192,196804,40.5,-2,Virginia
2193,196904,40.4,-2.1,Virginia
2194,197004,39.9,-2.6,Virginia
2195,197104,40.3,-2.2,Virginia
2196,197204,42.5,0,Virginia
2197,197304,43.2,0.7,Virginia
2198,197404,46.2,3.7,Virginia
2199,197504,42.6,0.1,Virginia
2200,197604,45.4,2.9,Virginia
2201,197704,41.4,-1.1,Virginia
2202,197804,37.9,-4.6,Virginia
2203,197904,40.3,-2.2,Virginia
2204,198004,40.8,-1.7,Virginia
2205,198104,41.7,-0.8,Virginia
2206,198204,40.7,-1.8,Virginia
2207,198304,41.8,-0.7,Virginia
2208,198404,41.3,-1.2,Virginia
2209,198504,42.8,0.3,Virginia
2210,198604,43.1,0.6,Virginia
2211,198704,41.2,-1.3,Virginia
2212,198804,41.2,-1.3,Virginia
2213,198904,43.8,1.3,Virginia
2214,199004,47.5,5,Virginia
2215,199104,45.5,3,Virginia
2216,199204,44,1.5,Virginia
2217,199304,41.9,-0.6,Virginia
2218,199404,42.7,0.2,Virginia
2219,199504,43.6,1.1,Virginia
2220,199604,41,-1.5,Virginia
2221,199704,43.9,1.4,Virginia
2222,199804,45.8,3.3,Virginia
2223,199904,44.4,1.9,Virginia
2224,200004,44.8,2.3,Virginia
2225,200104,43.5,1,Virginia
2226,200204,45.9,3.4,Virginia
2227,200304,42.2,-0.3,Virginia
2228,200404,42.9,0.4,Virginia
2229,200504,43.5,1,Virginia
2230,200604,46,3.5,Virginia
2231,200704,43.6,1.1,Virginia
2232,200804,44.8,2.3,Virginia
2233,200904,43,0.5,Virginia
2234,201004,42.7,0.2,Virginia
2235,201104,44.3,1.8,Virginia
2236,196004,35.3,-1,Washington
2237,196104,38.5,2.2,Washington
2238,196204,36.3,0,Washington
2239,196304,36.4,0.1,Washington
2240,196404,36.2,-0.1,Washington
2241,196504,37.2,0.9,Washington
2242,196604,37.1,0.8,Washington
2243,196704,37.6,1.3,Washington
2244,196804,38.3,2,Washington
2245,196904,33.1,-3.2,Washington
2246,197004,36.5,0.2,Washington
2247,197104,35.8,-0.5,Washington
2248,197204,34.9,-1.4,Washington
2249,197304,37,0.7,Washington
2250,197404,36.4,0.1,Washington
2251,197504,33.9,-2.4,Washington
2252,197604,36.2,-0.1,Washington
2253,197704,37.3,1,Washington
2254,197804,38.4,2.1,Washington
2255,197904,33.8,-2.5,Washington
2256,198004,35.9,-0.4,Washington
2257,198104,39.6,3.3,Washington
2258,198204,35.3,-1,Washington
2259,198304,40.2,3.9,Washington
2260,198404,38.2,1.9,Washington
2261,198504,34.4,-1.9,Washington
2262,198604,38.3,2,Washington
2263,198704,39.2,2.9,Washington
2264,198804,38,1.7,Washington
2265,198904,35.7,-0.6,Washington
2266,199004,39,2.7,Washington
2267,199104,37.8,1.5,Washington
2268,199204,41.7,5.4,Washington
2269,199304,34.5,-1.8,Washington
2270,199404,39.7,3.4,Washington
2271,199504,38.7,2.4,Washington
2272,199604,36.6,0.3,Washington
2273,199704,36.7,0.4,Washington
2274,199804,39.2,2.9,Washington
2275,199904,37.9,1.6,Washington
2276,200004,38.1,1.8,Washington
2277,200104,36.9,0.6,Washington
2278,200204,36.9,0.6,Washington
2279,200304,39.3,3,Washington
2280,200404,39.1,2.8,Washington
2281,200504,39.1,2.8,Washington
2282,200604,38.3,2,Washington
2283,200704,37.7,1.4,Washington
2284,200804,35.2,-1.1,Washington
2285,200904,35.7,-0.6,Washington
2286,201004,40.1,3.8,Washington
2287,201104,35.5,-0.8,Washington
2288,196004,36.4,-2.4,West Virginia
2289,196104,37.7,-1.1,West Virginia
2290,196204,37.7,-1.1,West Virginia
2291,196304,36.3,-2.5,West Virginia
2292,196404,38.1,-0.7,West Virginia
2293,196504,37.5,-1.3,West Virginia
2294,196604,36.5,-2.3,West Virginia
2295,196704,39.7,0.9,West Virginia
2296,196804,36.1,-2.7,West Virginia
2297,196904,36.7,-2.1,West Virginia
2298,197004,36.2,-2.6,West Virginia
2299,197104,35.9,-2.9,West Virginia
2300,197204,38.2,-0.6,West Virginia
2301,197304,40.3,1.5,West Virginia
2302,197404,42.3,3.5,West Virginia
2303,197504,38.4,-0.4,West Virginia
2304,197604,41.3,2.5,West Virginia
2305,197704,36.2,-2.6,West Virginia
2306,197804,33.1,-5.7,West Virginia
2307,197904,35.9,-2.9,West Virginia
2308,198004,36.3,-2.5,West Virginia
2309,198104,37.3,-1.5,West Virginia
2310,198204,37.1,-1.7,West Virginia
2311,198304,38.6,-0.2,West Virginia
2312,198404,37.4,-1.4,West Virginia
2313,198504,38,-0.8,West Virginia
2314,198604,39.5,0.7,West Virginia
2315,198704,38.6,-0.2,West Virginia
2316,198804,37.7,-1.1,West Virginia
2317,198904,40.6,1.8,West Virginia
2318,199004,43.9,5.1,West Virginia
2319,199104,41.8,3,West Virginia
2320,199204,40.2,1.4,West Virginia
2321,199304,38.8,0,West Virginia
2322,199404,38.3,-0.5,West Virginia
2323,199504,39.4,0.6,West Virginia
2324,199604,37.1,-1.7,West Virginia
2325,199704,40.1,1.3,West Virginia
2326,199804,42.9,4.1,West Virginia
2327,199904,40.5,1.7,West Virginia
2328,200004,41.4,2.6,West Virginia
2329,200104,39.8,1,West Virginia
2330,200204,42.2,3.4,West Virginia
2331,200304,38.6,-0.2,West Virginia
2332,200404,39.3,0.5,West Virginia
2333,200504,40.3,1.5,West Virginia
2334,200604,42.3,3.5,West Virginia
2335,200704,39,0.2,West Virginia
2336,200804,40.5,1.7,West Virginia
2337,200904,39.4,0.6,West Virginia
2338,201004,38.5,-0.3,West Virginia
2339,201104,40.4,1.6,West Virginia
2340,196004,24.3,-0.7,Wisconsin
2341,196104,26.9,1.9,Wisconsin
2342,196204,22.7,-2.3,Wisconsin
2343,196304,22.2,-2.8,Wisconsin
2344,196404,27.7,2.7,Wisconsin
2345,196504,21,-4,Wisconsin
2346,196604,23.6,-1.4,Wisconsin
2347,196704,24.3,-0.7,Wisconsin
2348,196804,27.3,2.3,Wisconsin
2349,196904,24.5,-0.5,Wisconsin
2350,197004,22.5,-2.5,Wisconsin
2351,197104,22.1,-2.9,Wisconsin
2352,197204,20.4,-4.6,Wisconsin
2353,197304,29.1,4.1,Wisconsin
2354,197404,25.4,0.4,Wisconsin
2355,197504,23,-2,Wisconsin
2356,197604,27.5,2.5,Wisconsin
2357,197704,26,1,Wisconsin
2358,197804,21.3,-3.7,Wisconsin
2359,197904,19.5,-5.5,Wisconsin
2360,198004,24.3,-0.7,Wisconsin
2361,198104,28.8,3.8,Wisconsin
2362,198204,21,-4,Wisconsin
2363,198304,28.7,3.7,Wisconsin
2364,198404,26.7,1.7,Wisconsin
2365,198504,26.7,1.7,Wisconsin
2366,198604,27.6,2.6,Wisconsin
2367,198704,32.5,7.5,Wisconsin
2368,198804,24.2,-0.8,Wisconsin
2369,198904,24.4,-0.6,Wisconsin
2370,199004,30.8,5.8,Wisconsin
2371,199104,27.9,2.9,Wisconsin
2372,199204,29.1,4.1,Wisconsin
2373,199304,25,0,Wisconsin
2374,199404,22.6,-2.4,Wisconsin
2375,199504,26.3,1.3,Wisconsin
2376,199604,22,-3,Wisconsin
2377,199704,25.6,0.6,Wisconsin
2378,199804,32.6,7.6,Wisconsin
2379,199904,29.3,4.3,Wisconsin
2380,200004,30.4,5.4,Wisconsin
2381,200104,27.2,2.2,Wisconsin
2382,200204,29.6,4.6,Wisconsin
2383,200304,24.8,-0.2,Wisconsin
2384,200404,27.4,2.4,Wisconsin
2385,200504,28.5,3.5,Wisconsin
2386,200604,31.7,6.7,Wisconsin
2387,200704,27.4,2.4,Wisconsin
2388,200804,24.1,-0.9,Wisconsin
2389,200904,24.9,-0.1,Wisconsin
2390,201004,30.6,5.6,Wisconsin
2391,201104,25.1,0.1,Wisconsin
2392,196004,26.3,-0.9,Wyoming
2393,196104,29.5,2.3,Wyoming
2394,196204,25.5,-1.7,Wyoming
2395,196304,27.3,0.1,Wyoming
2396,196404,24.1,-3.1,Wyoming
2397,196504,26.3,-0.9,Wyoming
2398,196604,26.1,-1.1,Wyoming
2399,196704,29.4,2.2,Wyoming
2400,196804,27.8,0.6,Wyoming
2401,196904,27.3,0.1,Wyoming
2402,197004,26.8,-0.4,Wyoming
2403,197104,27.3,0.1,Wyoming
2404,197204,28.9,1.7,Wyoming
2405,197304,24.1,-3.1,Wyoming
2406,197404,28.1,0.9,Wyoming
2407,197504,24.6,-2.6,Wyoming
2408,197604,28,0.8,Wyoming
2409,197704,28.4,1.2,Wyoming
2410,197804,27.5,0.3,Wyoming
2411,197904,23.6,-3.6,Wyoming
2412,198004,27.1,-0.1,Wyoming
2413,198104,33,5.8,Wyoming
2414,198204,26.4,-0.8,Wyoming
2415,198304,30,2.8,Wyoming
2416,198404,26.3,-0.9,Wyoming
2417,198504,25.9,-1.3,Wyoming
2418,198604,32,4.8,Wyoming
2419,198704,30.4,3.2,Wyoming
2420,198804,28,0.8,Wyoming
2421,198904,26.9,-0.3,Wyoming
2422,199004,30.1,2.9,Wyoming
2423,199104,29.3,2.1,Wyoming
2424,199204,33.5,6.3,Wyoming
2425,199304,25.7,-1.5,Wyoming
2426,199404,29.7,2.5,Wyoming
2427,199504,29.7,2.5,Wyoming
2428,199604,27.3,0.1,Wyoming
2429,199704,27,-0.2,Wyoming
2430,199804,29.3,2.1,Wyoming
2431,199904,30.9,3.7,Wyoming
2432,200004,32.3,5.1,Wyoming
2433,200104,28.6,1.4,Wyoming
2434,200204,27,-0.2,Wyoming
2435,200304,30.7,3.5,Wyoming
2436,200404,30.7,3.5,Wyoming
2437,200504,31,3.8,Wyoming
2438,200604,30.5,3.3,Wyoming
2439,200704,29.9,2.7,Wyoming
2440,200804,25.9,-1.3,Wyoming
2441,200904,29.9,2.7,Wyoming
2442,201004,29.3,2.1,Wyoming
2443,201104,26.9,-0.3,Wyoming
